"STATION","DATE","LATITUDE","LONGITUDE","ELEVATION","NAME","TEMP","TEMP_ATTRIBUTES","DEWP","DEWP_ATTRIBUTES","SLP","SLP_ATTRIBUTES","STP","STP_ATTRIBUTES","VISIB","VISIB_ATTRIBUTES","WDSP","WDSP_ATTRIBUTES","MXSPD","GUST","MAX","MAX_ATTRIBUTES","MIN","MIN_ATTRIBUTES","PRCP","PRCP_ATTRIBUTES","SNDP","FRSHTT"
"12205099999","1931-01-02","53.4","14.6166666","7.0","SZCZECIN, PL","  34.4"," 5","  32.2"," 5"," 991.4"," 5","999.9"," 0","  3.6"," 5"," 14.4"," 5"," 18.1","999.9","  37.0"," ","  32.0"," "," 0.08","E","999.9","011000"
"12205099999","1931-01-03","53.4","14.6166666","7.0","SZCZECIN, PL","  34.4"," 5","  33.4"," 5","1001.8"," 5","999.9"," 0","  1.2"," 5","  3.2"," 5","  8.9","999.9","  36.0"," ","  30.0","*"," 0.00","I","999.9","000000"
"12205099999","1931-01-04","53.4","14.6166666","7.0","SZCZECIN, PL","  39.4"," 5","  36.0"," 5"," 994.6"," 5","999.9"," 0","  3.4"," 5"," 11.4"," 5"," 13.0","999.9","  46.0"," ","  28.0"," "," 0.12","F","999.9","010000"
"12205099999","1931-01-05","53.4","14.6166666","7.0","SZCZECIN, PL","  32.4"," 5","  27.2"," 5","1002.3"," 5","999.9"," 0","  5.2"," 5"," 26.3"," 5"," 29.9","999.9","  34.0","*","  30.0","*"," 0.04","F","999.9","001000"
"12205099999","1931-01-06","53.4","14.6166666","7.0","SZCZECIN, PL","  30.4"," 5","  27.2"," 5","1014.1"," 5","999.9"," 0","  3.7"," 5"," 21.6"," 5"," 23.9","999.9","  32.0"," ","  30.0"," "," 0.05","F","999.9","001000"
"12205099999","1931-01-07","53.4","14.6166666","7.0","SZCZECIN, PL","  30.4"," 5","  28.0"," 5","1026.1"," 5","999.9"," 0","  2.5"," 5","  8.2"," 5","  8.9","999.9","  32.0"," ","  27.0"," "," 0.04","F","999.9","001000"
"12205099999","1931-01-08","53.4","14.6166666","7.0","SZCZECIN, PL","  28.6"," 5","  27.1"," 5","1028.8"," 5","999.9"," 0","  1.6"," 5","  5.8"," 5"," 13.0","999.9","  32.0"," ","  25.0","*"," 0.12","F","999.9","001000"
"12205099999","1931-01-09","53.4","14.6166666","7.0","SZCZECIN, PL","  22.8"," 5","  21.0"," 5","1027.0"," 5","999.9"," 0","  2.5"," 5","  0.4"," 5","  1.9","999.9","  30.0"," ","  14.0"," ","99.99"," ","999.9","001000"
"12205099999","1931-01-10","53.4","14.6166666","7.0","SZCZECIN, PL","  27.2"," 5","  24.4"," 5","1026.5"," 5","999.9"," 0","  2.0"," 5","  7.6"," 5"," 13.0","999.9","  28.0"," ","  18.0"," "," 0.02","E","999.9","000000"
"12205099999","1931-01-11","53.4","14.6166666","7.0","SZCZECIN, PL","  29.6"," 5","  26.2"," 5","1019.2"," 5","999.9"," 0","  2.5"," 5"," 21.6"," 5"," 23.9","999.9","  32.0"," ","  23.0"," "," 0.04","E","999.9","011000"
"12205099999","1931-01-12","53.4","14.6166666","7.0","SZCZECIN, PL","  34.0"," 5","  28.2"," 5","1007.8"," 5","999.9"," 0","  4.0"," 5"," 15.0"," 5"," 18.1","999.9","  36.0"," ","  32.0"," "," 0.00","I","999.9","000000"
"12205099999","1931-01-13","53.4","14.6166666","7.0","SZCZECIN, PL","  28.8"," 5","  26.2"," 5","1007.2"," 5","999.9"," 0","  1.1"," 5","  0.8"," 5","  1.9","999.9","  30.0"," ","  28.0"," "," 0.06","F","999.9","001000"
"12205099999","1931-01-14","53.4","14.6166666","7.0","SZCZECIN, PL","  29.5"," 4","  27.5"," 4","1006.0"," 4","999.9"," 0","  0.9"," 4","  0.5"," 4","  1.9","999.9","  30.0","*","  28.0"," "," 0.02","E","999.9","001000"
"12205099999","1931-01-15","53.4","14.6166666","7.0","SZCZECIN, PL","  25.4"," 5","  22.8"," 5","1010.5"," 5","999.9"," 0"," 10.7"," 5"," 20.4"," 5"," 36.9","999.9","  28.0"," ","  21.0"," "," 0.08","E","999.9","000000"
"12205099999","1931-01-16","53.4","14.6166666","7.0","SZCZECIN, PL","  38.3"," 4","  37.2"," 4"," 996.2"," 4","999.9"," 0","  1.9"," 4"," 28.4"," 4"," 29.9","999.9","  41.0"," ","  30.0"," "," 0.16","F","999.9","010000"
"12205099999","1931-01-17","53.4","14.6166666","7.0","SZCZECIN, PL","  36.8"," 4","  32.0"," 4"," 976.5"," 4","999.9"," 0","  8.4"," 4"," 28.7"," 4"," 36.9","999.9","  41.0"," ","  34.0","*"," 0.18","F","999.9","010000"
"12205099999","1931-01-18","53.4","14.6166666","7.0","SZCZECIN, PL","  33.0"," 4","  29.3"," 4"," 991.9"," 4","999.9"," 0","  4.0"," 4","  5.2"," 4","  8.9","999.9","  36.0"," ","  28.0"," "," 0.03","F","999.9","001000"
"12205099999","1931-01-19","53.4","14.6166666","7.0","SZCZECIN, PL","  33.2"," 5","  29.8"," 5","1008.5"," 5","999.9"," 0","  6.2"," 5","  4.4"," 5","  5.1","999.9","  36.0"," ","  28.0"," "," 0.05","F","999.9","010000"
"12205099999","1931-01-20","53.4","14.6166666","7.0","SZCZECIN, PL","  32.0"," 5","  29.2"," 5","1019.9"," 5","999.9"," 0","  8.2"," 5","  1.2"," 5","  1.9","999.9","  36.0"," ","  28.0","*"," 0.05","F","999.9","010000"
"12205099999","1931-01-21","53.4","14.6166666","7.0","SZCZECIN, PL","  26.7"," 4","  22.0"," 4","1028.9"," 4","999.9"," 0"," 15.5"," 4","  1.7"," 4","  5.1","999.9","  30.0"," ","  23.0","*"," 0.00","I","999.9","000000"
"12205099999","1931-01-22","53.4","14.6166666","7.0","SZCZECIN, PL","  25.2"," 5","  19.2"," 5","1026.2"," 5","999.9"," 0"," 12.4"," 5"," 14.7"," 5"," 29.9","999.9","  28.0"," ","  19.0"," "," 0.00","I","999.9","000000"
"12205099999","1931-01-24","53.4","14.6166666","7.0","SZCZECIN, PL","  41.0"," 4","  35.5"," 4"," 993.2"," 4","999.9"," 0","  7.8"," 4"," 15.2"," 4"," 29.9","999.9","  45.0"," ","  39.0","*"," 0.12","E","999.9","010000"
"12205099999","1931-01-25","53.4","14.6166666","7.0","SZCZECIN, PL","  37.3"," 4","  34.8"," 4"," 998.9"," 4","999.9"," 0"," 12.4"," 4"," 12.0"," 4"," 13.0","999.9","  41.0"," ","  36.0"," "," 0.04","E","999.9","010000"
"12205099999","1931-01-26","53.4","14.6166666","7.0","SZCZECIN, PL","  36.4"," 5","  34.8"," 5","1004.6"," 5","999.9"," 0","  3.7"," 5","  6.6"," 5"," 13.0","999.9","  37.0"," ","  34.0"," "," 0.08","F","999.9","010000"
"12205099999","1931-01-27","53.4","14.6166666","7.0","SZCZECIN, PL","  35.8"," 5","  32.4"," 5","1013.0"," 5","999.9"," 0","  5.5"," 5","  5.6"," 5","  8.9","999.9","  37.0"," ","  32.0"," "," 0.02","E","999.9","010000"
"12205099999","1931-01-28","53.4","14.6166666","7.0","SZCZECIN, PL","  34.8"," 5","  32.6"," 5","1006.7"," 5","999.9"," 0","  2.7"," 5","  6.6"," 5"," 13.0","999.9","  36.0"," ","  32.0"," "," 0.08","F","999.9","011000"
"12205099999","1931-01-29","53.4","14.6166666","7.0","SZCZECIN, PL","  31.6"," 5","  30.5"," 5"," 999.8"," 5","999.9"," 0","  1.3"," 5","  1.9"," 5","  1.9","999.9","  32.0"," ","  30.0"," "," 0.08","F","999.9","001000"
"12205099999","1931-01-30","53.4","14.6166666","7.0","SZCZECIN, PL","  30.8"," 5","  28.2"," 5","1011.5"," 5","999.9"," 0","  6.0"," 5","  1.2"," 5","  1.9","999.9","  34.0"," ","  27.0"," "," 0.00","I","999.9","000000"
"12205099999","1931-01-31","53.4","14.6166666","7.0","SZCZECIN, PL","  28.4"," 5","  26.4"," 5","1022.7"," 5","999.9"," 0","  6.7"," 5","  2.6"," 5","  8.9","999.9","  32.0"," ","  25.0","*"," 0.00","I","999.9","000000"
"12205099999","1931-02-01","53.4","14.6166666","7.0","SZCZECIN, PL","  28.4"," 5","  26.2"," 5","1019.8"," 5","999.9"," 0","  1.5"," 5","  1.6"," 5","  1.9","999.9","  32.0"," ","  23.0"," "," 0.02","E","999.9","100000"
"12205099999","1931-02-02","53.4","14.6166666","7.0","SZCZECIN, PL","  26.2"," 5","  24.0"," 5","1019.0"," 5","999.9"," 0","  3.5"," 5","  4.4"," 5","  5.1","999.9","  27.0"," ","  25.0"," "," 0.00","I","999.9","000000"
"12205099999","1931-02-03","53.4","14.6166666","7.0","SZCZECIN, PL","  24.5"," 4","  21.4"," 4","1020.2"," 4","999.9"," 0","  1.1"," 4","  8.0"," 4","  8.9","999.9","  25.0"," ","  23.0"," "," 0.02","E","999.9","001000"
"12205099999","1931-02-04","53.4","14.6166666","7.0","SZCZECIN, PL","  22.0"," 4","  18.9"," 4","1022.0"," 4","999.9"," 0","  2.0"," 4","  4.3"," 4","  5.1","999.9","  25.0","*","  21.0","*"," 0.02","E","999.9","001000"
"12205099999","1931-02-05","53.4","14.6166666","7.0","SZCZECIN, PL","  17.0"," 4","  14.5"," 4","1022.8"," 4","999.9"," 0","  4.8"," 4","  2.7"," 4","  5.1","999.9","  21.0"," ","  12.0","*"," 0.05","F","999.9","001000"
"12205099999","1931-02-06","53.4","14.6166666","7.0","SZCZECIN, PL","  15.6"," 5","  14.2"," 5","1021.5"," 5","999.9"," 0","  1.2"," 5","  0.8"," 5","  1.9","999.9","  23.0"," ","   9.0","*"," 0.05","F","999.9","001000"
"12205099999","1931-02-07","53.4","14.6166666","7.0","SZCZECIN, PL","  18.6"," 5","  15.4"," 5","1020.4"," 5","999.9"," 0","  2.0"," 5","  4.0"," 5","  8.9","999.9","  23.0"," ","   9.0"," "," 0.02","E","999.9","000000"
"12205099999","1931-02-08","53.4","14.6166666","7.0","SZCZECIN, PL","  18.2"," 5","  15.0"," 5","1025.4"," 5","999.9"," 0","  5.5"," 5","  1.9"," 5","  1.9","999.9","  25.0"," ","  10.0","*"," 0.00","I","999.9","000000"
"12205099999","1931-02-09","53.4","14.6166666","7.0","SZCZECIN, PL","  25.0"," 5","  20.8"," 5","1027.5"," 5","999.9"," 0","  5.5"," 5","  6.6"," 5","  8.9","999.9","  28.0"," ","   9.0"," "," 0.00","I","999.9","000000"
"12205099999","1931-02-10","53.4","14.6166666","7.0","SZCZECIN, PL","  30.6"," 5","  22.2"," 5","1016.3"," 5","999.9"," 0","  6.2"," 5"," 13.2"," 5"," 29.9","999.9","  37.0"," ","  19.0"," "," 0.00","I","999.9","000000"
"12205099999","1931-02-11","53.4","14.6166666","7.0","SZCZECIN, PL","  37.0"," 4","  33.1"," 4","1016.7"," 4","999.9"," 0","  6.2"," 4","  6.0"," 4","  8.9","999.9","  39.0"," ","9999.9"," "," 0.00","I","999.9","000000"
"12205099999","1931-02-13","53.4","14.6166666","7.0","SZCZECIN, PL","  35.7"," 4","  28.3"," 4"," 995.8"," 4","999.9"," 0","  9.3"," 4","  2.7"," 4","  5.1","999.9","  37.0"," ","  34.0","*"," 0.00","I","999.9","000000"
"12205099999","1931-02-14","53.4","14.6166666","7.0","SZCZECIN, PL","  27.8"," 4","  24.7"," 4","1010.2"," 4","999.9"," 0","  5.0"," 4","  9.0"," 4"," 13.0","999.9","  30.0"," ","  25.0","*"," 0.00","I","999.9","000000"
"12205099999","1931-02-15","53.4","14.6166666","7.0","SZCZECIN, PL","  20.2"," 5","  16.6"," 5","1012.3"," 5","999.9"," 0","  9.9"," 5","  0.4"," 5","  1.9","999.9","  21.0"," ","  16.0"," "," 0.00","I","999.9","000000"
"12205099999","1931-02-16","53.4","14.6166666","7.0","SZCZECIN, PL","  23.8"," 5","  20.7"," 5","1001.3"," 5","999.9"," 0","  4.7"," 5","  4.6"," 5","  8.9","999.9","  25.0"," ","  21.0"," "," 0.00","I","999.9","000000"
"12205099999","1931-02-17","53.4","14.6166666","7.0","SZCZECIN, PL","  27.8"," 5","  21.2"," 5","1003.0"," 5","999.9"," 0","  4.5"," 5","  9.2"," 5"," 13.0","999.9","  34.0"," ","  23.0"," "," 0.00","I","999.9","000000"
"12205099999","1931-02-18","53.4","14.6166666","7.0","SZCZECIN, PL","  30.7"," 4","  24.5"," 4","1009.4"," 4","999.9"," 0","  9.9"," 4"," 20.2"," 4"," 29.9","999.9","  36.0","*","  21.0"," ","99.99"," ","999.9","010100"
"12205099999","1931-02-19","53.4","14.6166666","7.0","SZCZECIN, PL","  33.2"," 5","  30.4"," 5","1015.2"," 5","999.9"," 0","  1.0"," 5","  2.4"," 5","  5.1","999.9","  34.0"," ","  28.0"," "," 0.10","F","999.9","001000"
"12205099999","1931-02-20","53.4","14.6166666","7.0","SZCZECIN, PL","  32.5"," 4","  31.5"," 4","1017.2"," 4","999.9"," 0","  1.0"," 4","  1.0"," 4","  1.9","999.9","  34.0"," ","  30.0"," "," 0.00","I","999.9","100000"
"12205099999","1931-02-21","53.4","14.6166666","7.0","SZCZECIN, PL","  32.4"," 5","  31.4"," 5","1009.8"," 5","999.9"," 0","  0.2"," 5","  1.9"," 5","  1.9","999.9","  34.0"," ","  32.0"," "," 0.00","I","999.9","100000"
"12205099999","1931-02-22","53.4","14.6166666","7.0","SZCZECIN, PL","  33.6"," 5","  32.6"," 5","1011.8"," 5","999.9"," 0","  0.5"," 5","  1.6"," 5","  1.9","999.9","  34.0"," ","  32.0"," "," 0.04","F","999.9","101000"
"12205099999","1931-02-23","53.4","14.6166666","7.0","SZCZECIN, PL","  34.0"," 5","  31.2"," 5","1019.6"," 5","999.9"," 0","  5.7"," 5","  4.4"," 5","  5.1","999.9","  36.0"," ","  32.0"," "," 0.16","F","999.9","001000"
"12205099999","1931-02-24","53.4","14.6166666","7.0","SZCZECIN, PL","  31.2"," 5","  27.4"," 5","1026.4"," 5","999.9"," 0","  4.4"," 5","  1.9"," 5","  1.9","999.9","  39.0"," ","  23.0"," "," 0.00","I","999.9","100000"
"12205099999","1931-02-25","53.4","14.6166666","7.0","SZCZECIN, PL","  35.2"," 5","  32.4"," 5","1018.6"," 5","999.9"," 0","  2.1"," 5"," 10.8"," 5"," 18.1","999.9","  36.0"," ","  28.0"," "," 0.04","E","999.9","010000"
"12205099999","1931-02-26","53.4","14.6166666","7.0","SZCZECIN, PL","  42.2"," 5","  41.2"," 5","1001.8"," 5","999.9"," 0","  1.7"," 5"," 11.2"," 5"," 18.1","999.9","  43.0"," ","  36.0"," "," 0.06","F","999.9","010000"
"12205099999","1931-02-27","53.4","14.6166666","7.0","SZCZECIN, PL","  36.4"," 5","  28.2"," 5","1007.2"," 5","999.9"," 0"," 18.6"," 5"," 16.6"," 5"," 29.9","999.9","  46.0"," ","  34.0"," "," 0.08","E","999.9","010000"
"12205099999","1931-02-28","53.4","14.6166666","7.0","SZCZECIN, PL","  35.2"," 5","  31.8"," 5"," 990.4"," 5","999.9"," 0","  1.5"," 5"," 17.6"," 5"," 23.9","999.9","  41.0"," ","  28.0"," "," 0.39","E","999.9","010000"
"12205099999","1931-03-01","53.4","14.6166666","7.0","SZCZECIN, PL","  33.2"," 5","  27.8"," 5"," 984.5"," 5","999.9"," 0","  7.6"," 5"," 24.1"," 5"," 29.9","999.9","  36.0"," ","  30.0","*"," 0.13","F","999.9","001000"
"12205099999","1931-03-02","53.4","14.6166666","7.0","SZCZECIN, PL","  25.8"," 5","  19.4"," 5","1008.5"," 5","999.9"," 0"," 10.0"," 5","  7.6"," 5"," 13.0","999.9","  30.0"," ","  21.0"," "," 0.12","E","999.9","001000"
"12205099999","1931-03-03","53.4","14.6166666","7.0","SZCZECIN, PL","  29.6"," 5","  26.6"," 5","1010.0"," 5","999.9"," 0","  3.0"," 5","  5.8"," 5","  8.9","999.9","  34.0"," ","  25.0"," "," 0.20","F","999.9","000000"
"12205099999","1931-03-04","53.4","14.6166666","7.0","SZCZECIN, PL","  20.0"," 5","  17.0"," 5","1016.5"," 5","999.9"," 0","  6.8"," 5","  6.1"," 5","  8.9","999.9","  28.0"," ","   0.0"," "," 0.00","I","999.9","000000"
"12205099999","1931-03-06","53.4","14.6166666","7.0","SZCZECIN, PL","  15.8"," 4","  11.5"," 4","1015.2"," 4","999.9"," 0","  9.3"," 4","  2.2"," 4","  5.1","999.9","  27.0"," ","  10.0"," "," 0.01","E","999.9","100000"
"12205099999","1931-03-07","53.4","14.6166666","7.0","SZCZECIN, PL","  17.4"," 5","  14.0"," 5","1010.6"," 5","999.9"," 0","  5.3"," 5","  1.6"," 5","  1.9","999.9","  27.0"," ","   0.0"," "," 0.05","F","999.9","001000"
"12205099999","1931-03-08","53.4","14.6166666","7.0","SZCZECIN, PL","  16.8"," 5","  11.2"," 5","1008.5"," 5","999.9"," 0","  6.7"," 5","  1.2"," 5","  1.9","999.9","  25.0"," ","  10.0","*"," 0.02","E","999.9","000000"
"12205099999","1931-03-09","53.4","14.6166666","7.0","SZCZECIN, PL","  17.2"," 4","  13.5"," 4","1005.3"," 4","999.9"," 0","  7.8"," 4","  2.7"," 4","  5.1","999.9","  23.0"," ","   7.0"," "," 0.00","I","999.9","000000"
"12205099999","1931-03-10","53.4","14.6166666","7.0","SZCZECIN, PL","  25.5"," 4","  24.0"," 4","1001.3"," 4","999.9"," 0","  1.6"," 4","  0.0"," 4","999.9","999.9","  28.0"," ","  21.0"," "," 0.05","F","999.9","001000"
"12205099999","1931-03-11","53.4","14.6166666","7.0","SZCZECIN, PL","  23.2"," 5","  19.4"," 5"," 994.0"," 5","999.9"," 0","  3.6"," 5","  9.2"," 5"," 18.1","999.9","  28.0"," ","  18.0"," "," 0.05","F","999.9","001000"
"12205099999","1931-03-12","53.4","14.6166666","7.0","SZCZECIN, PL","  32.4"," 5","  26.1"," 5"," 992.0"," 5","999.9"," 0"," 11.2"," 5"," 28.9"," 5"," 36.9","999.9","  34.0"," ","  21.0"," "," 0.02","E","999.9","000000"
"12205099999","1931-03-13","53.4","14.6166666","7.0","SZCZECIN, PL","  35.2"," 5","  27.8"," 5","1002.9"," 5","999.9"," 0"," 11.2"," 5"," 14.8"," 5"," 23.9","999.9","  39.0"," ","  28.0"," "," 0.00","I","999.9","000000"
"12205099999","1931-03-14","53.4","14.6166666","7.0","SZCZECIN, PL","  37.6"," 5","  25.0"," 5","1005.0"," 5","999.9"," 0","  7.5"," 5","  5.4"," 5","  8.9","999.9","  43.0"," ","  28.0"," "," 0.00","I","999.9","000000"
"12205099999","1931-03-15","53.4","14.6166666","7.0","SZCZECIN, PL","  36.8"," 5","  29.0"," 5","1010.9"," 5","999.9"," 0"," 11.2"," 5","  6.2"," 5"," 13.0","999.9","  41.0"," ","  34.0"," "," 0.02","E","999.9","000000"
"12205099999","1931-03-16","53.4","14.6166666","7.0","SZCZECIN, PL","  31.4"," 5","  25.8"," 5","1018.3"," 5","999.9"," 0"," 18.6"," 5","  6.0"," 5","  8.9","999.9","  36.0"," ","  27.0","*"," 0.00","I","999.9","000000"
"12205099999","1931-03-17","53.4","14.6166666","7.0","SZCZECIN, PL","  29.8"," 4","  22.5"," 4","1030.4"," 4","999.9"," 0"," 21.7"," 4","  4.3"," 4","  5.1","999.9","  34.0"," ","  19.0"," "," 0.00","I","999.9","000000"
"12205099999","1931-03-18","53.4","14.6166666","7.0","SZCZECIN, PL","  33.5"," 4","  24.5"," 4","1026.9"," 4","999.9"," 0"," 31.1"," 4","  8.0"," 4"," 13.0","999.9","  39.0"," ","  21.0"," "," 0.00","I","999.9","000000"
"12205099999","1931-03-19","53.4","14.6166666","7.0","SZCZECIN, PL","  38.6"," 5","  29.8"," 5","1023.7"," 5","999.9"," 0"," 12.4"," 5","  3.8"," 5","  5.1","999.9","  48.0"," ","  23.0"," "," 0.00","I","999.9","000000"
"12205099999","1931-03-20","53.4","14.6166666","7.0","SZCZECIN, PL","  42.3"," 4","  30.0"," 4","1024.4"," 4","999.9"," 0"," 10.9"," 4","  4.7"," 4"," 13.0","999.9","  46.0","*","  25.0"," "," 0.00","I","999.9","000000"
"12205099999","1931-03-21","53.4","14.6166666","7.0","SZCZECIN, PL","  47.6"," 5","  35.7"," 4","1018.0"," 5","999.9"," 0","  6.2"," 5","  7.4"," 5"," 13.0","999.9","  55.0"," ","  30.0"," "," 0.00","I","999.9","000000"
"12205099999","1931-03-22","53.4","14.6166666","7.0","SZCZECIN, PL","  44.5"," 4","  39.8"," 4","1014.2"," 4","999.9"," 0","  5.3"," 4","  2.2"," 4","  5.1","999.9","  57.0"," ","  32.0"," "," 0.01","E","999.9","000000"
"12205099999","1931-03-23","53.4","14.6166666","7.0","SZCZECIN, PL","  44.0"," 4","  43.1"," 4","1017.9"," 4","999.9"," 0","  0.1"," 4","  0.5"," 4","  1.9","999.9","  50.0"," ","  41.0"," "," 0.04","E","999.9","100000"
"12205099999","1931-03-24","53.4","14.6166666","7.0","SZCZECIN, PL","  37.6"," 5","  36.6"," 5","1022.5"," 5","999.9"," 0","  0.3"," 5","  1.2"," 5","  1.9","999.9","  39.0"," ","  32.0"," "," 0.18","F","999.9","110000"
"12205099999","1931-03-25","53.4","14.6166666","7.0","SZCZECIN, PL","  34.8"," 5","  24.0"," 5","1033.1"," 5","999.9"," 0"," 21.6"," 5"," 12.2"," 5"," 13.0","999.9","  37.0"," ","  32.0","*"," 0.00","I","999.9","000000"
"12205099999","1931-03-26","53.4","14.6166666","7.0","SZCZECIN, PL","  39.2"," 5","  24.2"," 5","1031.0"," 5","999.9"," 0"," 26.1"," 5","  8.4"," 5"," 13.0","999.9","  45.0"," ","  27.0"," "," 0.00","I","999.9","000000"
"12205099999","1931-03-27","53.4","14.6166666","7.0","SZCZECIN, PL","  35.8"," 5","  27.6"," 5","1025.0"," 5","999.9"," 0","  6.7"," 5","  3.3"," 5","  8.9","999.9","  39.0"," ","  27.0"," "," 0.00","I","999.9","000000"
"12205099999","1931-03-28","53.4","14.6166666","7.0","SZCZECIN, PL","  35.7"," 4","  28.8"," 4","1014.2"," 4","999.9"," 0","  7.8"," 4"," 13.5"," 4"," 18.1","999.9","  41.0"," ","  32.0"," "," 0.02","E","999.9","000000"
"12205099999","1931-03-29","53.4","14.6166666","7.0","SZCZECIN, PL","  31.0"," 4","  22.5"," 4","1023.7"," 4","999.9"," 0"," 24.9"," 4","  8.5"," 4"," 18.1","999.9","  36.0"," ","  27.0"," "," 0.10","F","999.9","010100"
"12205099999","1931-03-30","53.4","14.6166666","7.0","SZCZECIN, PL","  33.6"," 5","  21.2"," 5","1027.9"," 5","999.9"," 0"," 12.4"," 5"," 10.6"," 5"," 13.0","999.9","  36.0"," ","  27.0"," "," 0.00","I","999.9","000000"
"12205099999","1931-03-31","53.4","14.6166666","7.0","SZCZECIN, PL","  30.0"," 5","  22.2"," 5","1025.8"," 5","999.9"," 0"," 11.2"," 5"," 11.4"," 5"," 13.0","999.9","  32.0"," ","  21.0"," "," 0.05","F","999.9","000000"
"12205099999","1931-04-01","53.4","14.6166666","7.0","SZCZECIN, PL","  37.2"," 5","  25.4"," 5","1024.6"," 5","999.9"," 0"," 25.4"," 5","  4.0"," 5","  8.9","999.9","  43.0"," ","  25.0"," "," 0.00","I","999.9","000000"
"12205099999","1931-04-02","53.4","14.6166666","7.0","SZCZECIN, PL","  36.0"," 5","  23.0"," 5","1022.0"," 5","999.9"," 0"," 31.1"," 5","  3.8"," 5","  5.1","999.9","  41.0"," ","  21.0"," "," 0.00","I","999.9","000000"
"12205099999","1931-04-03","53.4","14.6166666","7.0","SZCZECIN, PL","  38.4"," 5","  20.6"," 5","1015.6"," 5","999.9"," 0"," 31.1"," 5"," 10.6"," 5"," 18.1","999.9","  45.0"," ","  25.0"," "," 0.00","I","999.9","000000"
"12205099999","1931-04-04","53.4","14.6166666","7.0","SZCZECIN, PL","  45.2"," 5","  31.4"," 5","1009.6"," 5","999.9"," 0"," 27.3"," 5","  9.4"," 5"," 18.1","999.9","  54.0"," ","  28.0"," "," 0.00","I","999.9","000000"
"12205099999","1931-04-05","53.4","14.6166666","7.0","SZCZECIN, PL","  43.6"," 5","  36.6"," 5","1004.2"," 5","999.9"," 0","  5.2"," 5"," 10.6"," 5"," 13.0","999.9","  52.0"," ","  39.0"," "," 0.16","F","999.9","010000"
"12205099999","1931-04-06","53.4","14.6166666","7.0","SZCZECIN, PL","  42.5"," 4","  32.0"," 4","1002.7"," 4","999.9"," 0","  9.3"," 4","  7.0"," 4"," 13.0","999.9","  50.0"," ","  34.0"," "," 0.02","E","999.9","010000"
"12205099999","1931-04-07","53.4","14.6166666","7.0","SZCZECIN, PL","  39.6"," 5","  30.2"," 5","1012.3"," 5","999.9"," 0"," 11.2"," 5","  8.2"," 5"," 13.0","999.9","  45.0"," ","  34.0"," "," 0.00","I","999.9","000000"
"12205099999","1931-04-08","53.4","14.6166666","7.0","SZCZECIN, PL","  40.0"," 5","  24.6"," 5","1021.5"," 5","999.9"," 0"," 26.1"," 5","  5.4"," 5","  8.9","999.9","  45.0"," ","  27.0"," "," 0.00","I","999.9","000000"
"12205099999","1931-04-09","53.4","14.6166666","7.0","SZCZECIN, PL","  41.0"," 5","  22.6"," 5","1023.3"," 5","999.9"," 0"," 18.6"," 5","  1.2"," 5","  1.9","999.9","  50.0"," ","  21.0"," "," 0.00","I","999.9","000000"
"12205099999","1931-04-10","53.4","14.6166666","7.0","SZCZECIN, PL","  37.6"," 5","  31.8"," 5","1020.3"," 5","999.9"," 0","  9.9"," 5","  6.0"," 5","  8.9","999.9","  41.0"," ","  34.0"," "," 0.02","E","999.9","010000"
"12205099999","1931-04-11","53.4","14.6166666","7.0","SZCZECIN, PL","  40.8"," 5","  29.8"," 5","1023.5"," 5","999.9"," 0"," 13.7"," 5","  2.2"," 5","  5.1","999.9","  45.0"," ","  27.0"," "," 0.02","E","999.9","010000"
"12205099999","1931-04-12","53.4","14.6166666","7.0","SZCZECIN, PL","  43.4"," 5","  39.4"," 5","1018.3"," 5","999.9"," 0","  2.1"," 5","  1.2"," 5","  1.9","999.9","  46.0"," ","  37.0"," "," 0.06","F","999.9","010000"
"12205099999","1931-04-13","53.4","14.6166666","7.0","SZCZECIN, PL","  46.0"," 4","  41.9"," 4","1006.4"," 4","999.9"," 0","  7.1"," 4","  4.7"," 4"," 13.0","999.9","  50.0"," ","  43.0"," "," 0.31","F","999.9","010000"
"12205099999","1931-04-14","53.4","14.6166666","7.0","SZCZECIN, PL","  40.2"," 5","  33.6"," 5","1006.5"," 5","999.9"," 0","  8.0"," 5"," 19.4"," 5"," 23.9","999.9","  46.0"," ","  36.0"," "," 0.05","F","999.9","010000"
"12205099999","1931-04-15","53.4","14.6166666","7.0","SZCZECIN, PL","  38.5"," 4","  29.0"," 4","1014.2"," 4","999.9"," 0"," 26.4"," 4"," 12.8"," 4"," 18.1","999.9","  41.0"," ","  37.0","*"," 0.02","E","999.9","011000"
"12205099999","1931-04-16","53.4","14.6166666","7.0","SZCZECIN, PL","  42.0"," 5","  31.0"," 5","1017.2"," 5","999.9"," 0"," 11.2"," 5","  1.9"," 5","  1.9","999.9","  45.0"," ","  30.0"," "," 0.00","I","999.9","000000"
"12205099999","1931-04-17","53.4","14.6166666","7.0","SZCZECIN, PL","  47.8"," 5","  28.8"," 5","1007.6"," 5","999.9"," 0"," 17.4"," 5"," 20.6"," 5"," 23.9","999.9","  54.0"," ","  32.0"," "," 0.00","I","999.9","000000"
"12205099999","1931-04-18","53.4","14.6166666","7.0","SZCZECIN, PL","  45.8"," 4","  35.0"," 4","1005.2"," 4","999.9"," 0"," 14.6"," 4"," 16.8"," 4"," 18.1","999.9","  52.0"," ","  37.0"," "," 0.13","F","999.9","010000"
"12205099999","1931-04-19","53.4","14.6166666","7.0","SZCZECIN, PL","  48.2"," 5","  38.8"," 5","1006.9"," 5","999.9"," 0","  7.5"," 5"," 18.8"," 5"," 36.9","999.9","  54.0"," ","  43.0"," "," 0.04","E","999.9","010000"
"12205099999","1931-04-20","53.4","14.6166666","7.0","SZCZECIN, PL","  42.0"," 4","  38.8"," 4","1008.9"," 4","999.9"," 0","  9.9"," 4","  5.5"," 4"," 13.0","999.9","  45.0"," ","  39.0","*"," 0.05","F","999.9","010000"
"12205099999","1931-04-21","53.4","14.6166666","7.0","SZCZECIN, PL","  39.4"," 5","  36.0"," 5","1007.8"," 5","999.9"," 0"," 12.4"," 5","  6.6"," 5","  8.9","999.9","  41.0"," ","  37.0"," "," 0.00","I","999.9","000000"
"12205099999","1931-04-22","53.4","14.6166666","7.0","SZCZECIN, PL","  37.2"," 5","  34.4"," 5","1001.2"," 5","999.9"," 0","  3.2"," 5"," 13.2"," 5"," 18.1","999.9","  43.0"," ","  32.0","*"," 0.47","F","999.9","011000"
"12205099999","1931-04-23","53.4","14.6166666","7.0","SZCZECIN, PL","  51.3"," 4","  35.7"," 4","1014.9"," 4","999.9"," 0"," 10.9"," 4","  8.0"," 4","  8.9","999.9","  57.0","*","  39.0"," "," 0.00","I","999.9","000000"
"12205099999","1931-04-24","53.4","14.6166666","7.0","SZCZECIN, PL","  54.4"," 5","  37.8"," 5","1016.9"," 5","999.9"," 0","  9.2"," 5","  4.4"," 5","  5.1","999.9","  61.0"," ","  34.0"," "," 0.00","I","999.9","000000"
"12205099999","1931-04-25","53.4","14.6166666","7.0","SZCZECIN, PL","  57.7"," 4","  37.8"," 4","1011.3"," 4","999.9"," 0"," 10.9"," 4"," 11.3"," 4"," 18.1","999.9","  64.0"," ","  39.0"," "," 0.00","I","999.9","000000"
"12205099999","1931-04-26","53.4","14.6166666","7.0","SZCZECIN, PL","  52.6"," 5","  45.4"," 5","1005.7"," 5","999.9"," 0","  9.9"," 5","  4.6"," 5","  8.9","999.9","  61.0"," ","  45.0"," "," 0.20","E","999.9","010000"
"12205099999","1931-04-27","53.4","14.6166666","7.0","SZCZECIN, PL","  56.8"," 5","  43.0"," 5","1004.7"," 5","999.9"," 0"," 27.3"," 5","  2.2"," 5","  5.1","999.9","  63.0"," ","  45.0"," "," 0.24","F","999.9","000000"
"12205099999","1931-04-28","53.4","14.6166666","7.0","SZCZECIN, PL","  50.4"," 5","  42.0"," 5","1005.1"," 5","999.9"," 0","  9.9"," 5","  9.0"," 5"," 13.0","999.9","  64.0"," ","  45.0"," "," 0.01","E","999.9","010000"
"12205099999","1931-04-29","53.4","14.6166666","7.0","SZCZECIN, PL","  45.6"," 5","  40.4"," 5","1007.3"," 5","999.9"," 0","  9.9"," 5","  5.4"," 5","  8.9","999.9","  46.0"," ","  36.0"," "," 0.02","E","999.9","010000"
"12205099999","1931-04-30","53.4","14.6166666","7.0","SZCZECIN, PL","  48.2"," 5","  40.2"," 5","1012.6"," 5","999.9"," 0"," 11.2"," 5","  4.4"," 5","  5.1","999.9","  52.0"," ","  41.0"," "," 0.00","I","999.9","000000"
"12205099999","1931-05-02","53.4","14.6166666","7.0","SZCZECIN, PL","  57.2"," 5","  41.4"," 5","1012.5"," 5","999.9"," 0"," 14.9"," 5","  2.2"," 5","  5.1","999.9","  64.0"," ","  32.0"," "," 0.00","I","999.9","000000"
"12205099999","1931-05-03","53.4","14.6166666","7.0","SZCZECIN, PL","  65.0"," 4","  49.2"," 4","1004.2"," 4","999.9"," 0"," 10.9"," 4"," 14.0"," 4"," 23.9","999.9","  70.0"," ","  41.0"," "," 0.00","I","999.9","000000"
"12205099999","1931-05-04","53.4","14.6166666","7.0","SZCZECIN, PL","  66.6"," 5","  49.6"," 5","1002.4"," 5","999.9"," 0"," 23.6"," 5"," 15.0"," 5"," 23.9","999.9","  73.0"," ","  55.0"," "," 0.00","I","999.9","000000"
"12205099999","1931-05-05","53.4","14.6166666","7.0","SZCZECIN, PL","  54.4"," 5","  46.4"," 5","1019.6"," 5","999.9"," 0","  8.7"," 5","  3.3"," 5","  8.9","999.9","  55.0"," ","  43.0"," "," 0.12","E","999.9","010000"
"12205099999","1931-05-06","53.4","14.6166666","7.0","SZCZECIN, PL","  61.8"," 5","  49.4"," 5","1020.7"," 5","999.9"," 0"," 19.9"," 5","  7.0"," 5"," 13.0","999.9","  70.0"," ","  41.0"," "," 0.00","I","999.9","000000"
"12205099999","1931-05-07","53.4","14.6166666","7.0","SZCZECIN, PL","  68.0"," 4","  53.5"," 4","1010.0"," 4","999.9"," 0"," 15.5"," 4","  4.5"," 4","  8.9","999.9","  79.0"," ","  54.0"," "," 0.04","F","999.9","010010"
"12205099999","1931-05-08","53.4","14.6166666","7.0","SZCZECIN, PL","  57.0"," 5","  50.6"," 5","1009.5"," 5","999.9"," 0","  8.7"," 5","  9.0"," 5"," 13.0","999.9","  61.0"," ","  50.0"," "," 0.00","I","999.9","000000"
"12205099999","1931-05-09","53.4","14.6166666","7.0","SZCZECIN, PL","  51.5"," 4","  49.1"," 4","1015.0"," 4","999.9"," 0","  3.4"," 4","  2.7"," 4","  5.1","999.9","  54.0"," ","  50.0"," "," 0.09","F","999.9","010000"
"12205099999","1931-05-10","53.4","14.6166666","7.0","SZCZECIN, PL","  53.4"," 5","  43.8"," 5","1021.1"," 5","999.9"," 0"," 11.2"," 5","  4.0"," 5","  8.9","999.9","  59.0"," ","  45.0"," "," 0.16","E","999.9","010000"
"12205099999","1931-05-11","53.4","14.6166666","7.0","SZCZECIN, PL","  56.8"," 4","  40.5"," 4","1023.3"," 4","999.9"," 0"," 20.2"," 4","  3.5"," 4","  5.1","999.9","  63.0"," ","  37.0"," "," 0.00","I","999.9","000000"
"12205099999","1931-05-12","53.4","14.6166666","7.0","SZCZECIN, PL","  61.4"," 5","  49.8"," 5","1019.8"," 5","999.9"," 0","  8.0"," 5","  3.2"," 5","  5.1","999.9","  70.0"," ","  50.0"," "," 0.01","E","999.9","010000"
"12205099999","1931-05-13","53.4","14.6166666","7.0","SZCZECIN, PL","  63.6"," 5","  47.6"," 5","1019.6"," 5","999.9"," 0"," 10.4"," 5","  1.8"," 5","  5.1","999.9","  70.0"," ","  50.0"," "," 0.00","I","999.9","000000"
"12205099999","1931-05-14","53.4","14.6166666","7.0","SZCZECIN, PL","  66.0"," 4","  53.3"," 4","1014.5"," 4","999.9"," 0"," 14.0"," 4","  2.2"," 4","  5.1","999.9","  75.0"," ","  41.0"," "," 0.04","E","999.9","010010"
"12205099999","1931-05-15","53.4","14.6166666","7.0","SZCZECIN, PL","  63.6"," 5","  49.6"," 5","1014.9"," 5","999.9"," 0"," 12.4"," 5","  4.7"," 5","  8.9","999.9","  70.0"," ","  48.0"," "," 0.00","I","999.9","000000"
"12205099999","1931-05-16","53.4","14.6166666","7.0","SZCZECIN, PL","  70.2"," 5","  54.6"," 5","1008.0"," 5","999.9"," 0"," 27.3"," 5","  7.2"," 5"," 13.0","999.9","  75.0"," ","  54.0"," "," 0.00","I","999.9","000000"
"12205099999","1931-05-17","53.4","14.6166666","7.0","SZCZECIN, PL","  74.4"," 5","  57.7"," 5","1002.1"," 5","999.9"," 0"," 11.2"," 5","  6.6"," 5"," 13.0","999.9","  81.0"," ","  54.0"," "," 0.00","I","999.9","000000"
"12205099999","1931-05-18","53.4","14.6166666","7.0","SZCZECIN, PL","  65.0"," 5","  56.0"," 5","1002.0"," 5","999.9"," 0"," 11.2"," 5","  6.1"," 5","  8.9","999.9","  68.0"," ","  59.0"," "," 0.06","F","999.9","010000"
"12205099999","1931-05-19","53.4","14.6166666","7.0","SZCZECIN, PL","  64.8"," 5","  48.7"," 5","1005.3"," 5","999.9"," 0"," 18.6"," 5","  4.6"," 5","  8.9","999.9","  70.0"," ","  45.0"," "," 0.00","I","999.9","000000"
"12205099999","1931-05-20","53.4","14.6166666","7.0","SZCZECIN, PL","  62.5"," 4","  50.0"," 4","1009.9"," 4","999.9"," 0"," 24.9"," 4"," 11.8"," 4"," 18.1","999.9","  68.0"," ","  45.0"," "," 0.00","I","999.9","000000"
"12205099999","1931-05-21","53.4","14.6166666","7.0","SZCZECIN, PL","  49.2"," 5","  47.0"," 5","1009.0"," 5","999.9"," 0","  8.0"," 5"," 10.8"," 5"," 18.1","999.9","  54.0"," ","  46.0"," "," 0.05","F","999.9","010000"
"12205099999","1931-05-22","53.4","14.6166666","7.0","SZCZECIN, PL","  52.0"," 4","  48.5"," 4","1009.8"," 4","999.9"," 0","  8.4"," 4","  6.2"," 4","  8.9","999.9","  55.0"," ","  46.0"," "," 0.10","F","999.9","010000"
"12205099999","1931-05-23","53.4","14.6166666","7.0","SZCZECIN, PL","  64.4"," 5","  49.1"," 5","1019.7"," 5","999.9"," 0"," 10.4"," 5","  5.7"," 5","  8.9","999.9","  70.0"," ","  50.0"," "," 0.00","I","999.9","000000"
"12205099999","1931-05-24","53.4","14.6166666","7.0","SZCZECIN, PL","  76.5"," 4","  59.0"," 4","1020.5"," 4","999.9"," 0"," 31.1"," 4","  2.2"," 4","  5.1","999.9","  81.0"," ","  73.0","*"," 0.00","I","999.9","000000"
"12205099999","1931-05-25","53.4","14.6166666","7.0","SZCZECIN, PL","  71.0"," 4","  61.5"," 4","1023.5"," 4","999.9"," 0"," 12.4"," 4","  4.8"," 4","  8.9","999.9","  82.0"," ","  66.0","*"," 0.00","I","999.9","000000"
"12205099999","1931-05-26","53.4","14.6166666","7.0","SZCZECIN, PL","  73.0"," 5","  62.0"," 5","1021.9"," 5","999.9"," 0"," 11.2"," 5","  5.4"," 5","  8.9","999.9","  82.0"," ","  50.0"," "," 0.00","I","999.9","000000"
"12205099999","1931-05-27","53.4","14.6166666","7.0","SZCZECIN, PL","  77.6"," 5","  60.0"," 5","1018.1"," 5","999.9"," 0"," 27.3"," 5","  7.6"," 5"," 13.0","999.9","  81.0"," ","  59.0"," "," 0.00","I","999.9","000000"
"12205099999","1931-05-28","53.4","14.6166666","7.0","SZCZECIN, PL","  79.8"," 5","  60.6"," 5","1011.0"," 5","999.9"," 0"," 27.3"," 5","  6.8"," 5","  8.9","999.9","  84.0"," ","  59.0"," "," 0.00","I","999.9","000000"
"12205099999","1931-05-29","53.4","14.6166666","7.0","SZCZECIN, PL","  79.2"," 5","  63.0"," 5","1008.7"," 5","999.9"," 0"," 26.1"," 5","  4.6"," 5","  8.9","999.9","  90.0"," ","  64.0"," "," 0.00","I","999.9","000000"
"12205099999","1931-05-30","53.4","14.6166666","7.0","SZCZECIN, PL","  67.8"," 5","  62.0"," 5","1009.2"," 5","999.9"," 0","  8.9"," 5","  6.6"," 5","  8.9","999.9","  75.0"," ","  61.0"," "," 0.00","I","999.9","000000"
"12205099999","1931-06-01","53.4","14.6166666","7.0","SZCZECIN, PL","  63.3"," 4","  56.7"," 4","1009.4"," 4","999.9"," 0","  9.9"," 4","  6.2"," 4","  8.9","999.9","  66.0"," ","  59.0"," "," 0.22","F","999.9","000000"
"12205099999","1931-06-02","53.4","14.6166666","7.0","SZCZECIN, PL","  61.2"," 5","  55.2"," 5","1012.8"," 5","999.9"," 0","  8.0"," 5","  3.2"," 5","  5.1","999.9","  64.0"," ","  55.0"," "," 0.10","F","999.9","010010"
"12205099999","1931-06-03","53.4","14.6166666","7.0","SZCZECIN, PL","  54.8"," 5","  48.8"," 5","1017.4"," 5","999.9"," 0"," 15.2"," 5","  6.6"," 5"," 13.0","999.9","  63.0"," ","  52.0","*"," 0.08","E","999.9","010000"
"12205099999","1931-06-04","53.4","14.6166666","7.0","SZCZECIN, PL","  56.8"," 5","  42.4"," 5","1018.7"," 5","999.9"," 0"," 23.6"," 5","  8.9"," 5","  8.9","999.9","  63.0"," ","  41.0"," "," 0.04","E","999.9","000000"
"12205099999","1931-06-05","53.4","14.6166666","7.0","SZCZECIN, PL","  56.8"," 5","  38.6"," 5","1017.6"," 5","999.9"," 0"," 27.3"," 5","  6.6"," 5","  8.9","999.9","  63.0"," ","  46.0"," "," 0.00","I","999.9","000000"
"12205099999","1931-06-06","53.4","14.6166666","7.0","SZCZECIN, PL","  60.4"," 5","  41.0"," 5","1013.5"," 5","999.9"," 0"," 27.3"," 5","  2.2"," 5","  5.1","999.9","  64.0"," ","  37.0"," "," 0.00","I","999.9","000000"
"12205099999","1931-06-07","53.4","14.6166666","7.0","SZCZECIN, PL","  57.6"," 5","  52.4"," 5","1008.3"," 5","999.9"," 0","  7.2"," 5","  3.3"," 5","  8.9","999.9","  66.0"," ","  48.0"," "," 0.97","F","999.9","010010"
"12205099999","1931-06-08","53.4","14.6166666","7.0","SZCZECIN, PL","  57.8"," 5","  54.8"," 5","1005.6"," 5","999.9"," 0","  5.0"," 5","  3.2"," 5","  5.1","999.9","  64.0"," ","  46.0"," "," 0.43","F","999.9","110000"
"12205099999","1931-06-09","53.4","14.6166666","7.0","SZCZECIN, PL","  60.4"," 5","  52.2"," 5","1011.4"," 5","999.9"," 0","  8.0"," 5","  7.4"," 5","  8.9","999.9","  64.0"," ","  52.0"," "," 0.04","E","999.9","010000"
"12205099999","1931-06-10","53.4","14.6166666","7.0","SZCZECIN, PL","  62.8"," 5","  54.0"," 5","1014.8"," 5","999.9"," 0"," 15.4"," 5","  1.9"," 5","  1.9","999.9","  66.0"," ","  50.0"," "," 0.02","E","999.9","010000"
"12205099999","1931-06-11","53.4","14.6166666","7.0","SZCZECIN, PL","  64.0"," 5","  60.3"," 5","1012.1"," 5","999.9"," 0","  5.0"," 5"," 10.6"," 5"," 13.0","999.9","  72.0"," ","  59.0"," "," 0.28","F","999.9","010000"
"12205099999","1931-06-12","53.4","14.6166666","7.0","SZCZECIN, PL","  66.2"," 5","  50.4"," 5","1015.2"," 5","999.9"," 0"," 23.6"," 5","  9.0"," 5"," 13.0","999.9","  72.0"," ","  54.0"," "," 0.00","I","999.9","000000"
"12205099999","1931-06-13","53.4","14.6166666","7.0","SZCZECIN, PL","  63.4"," 5","  50.2"," 5","1017.6"," 5","999.9"," 0"," 18.6"," 5"," 10.2"," 5"," 18.1","999.9","  68.0"," ","  57.0"," "," 0.00","I","999.9","000000"
"12205099999","1931-06-14","53.4","14.6166666","7.0","SZCZECIN, PL","  64.4"," 5","  46.0"," 5","1017.1"," 5","999.9"," 0"," 19.9"," 5","  3.2"," 5","  5.1","999.9","  72.0"," ","  46.0"," "," 0.00","I","999.9","000000"
"12205099999","1931-06-15","53.4","14.6166666","7.0","SZCZECIN, PL","  67.8"," 5","  55.7"," 5","1011.8"," 5","999.9"," 0"," 11.2"," 5"," 13.4"," 5"," 18.1","999.9","  73.0"," ","  50.0"," "," 0.05","F","999.9","010000"
"12205099999","1931-06-16","53.4","14.6166666","7.0","SZCZECIN, PL","  67.4"," 5","  51.2"," 5","1021.0"," 5","999.9"," 0"," 27.3"," 5","  6.8"," 5","  8.9","999.9","  73.0"," ","  48.0"," "," 0.00","I","999.9","000000"
"12205099999","1931-06-17","53.4","14.6166666","7.0","SZCZECIN, PL","  76.0"," 5","  54.6"," 5","1013.2"," 5","999.9"," 0"," 18.6"," 5","  6.4"," 5","  8.9","999.9","  82.0"," ","  52.0"," "," 0.00","I","999.9","000000"
"12205099999","1931-06-18","53.4","14.6166666","7.0","SZCZECIN, PL","  59.6"," 5","  56.0"," 5","1009.6"," 5","999.9"," 0","  5.2"," 5","  6.6"," 5","  8.9","999.9","  64.0"," ","  57.0","*"," 0.71","F","999.9","010000"
"12205099999","1931-06-19","53.4","14.6166666","7.0","SZCZECIN, PL","  65.4"," 5","  50.0"," 5","1015.8"," 5","999.9"," 0"," 19.9"," 5","  6.6"," 5","  8.9","999.9","  70.0"," ","  52.0"," "," 0.02","E","999.9","000000"
"12205099999","1931-06-20","53.4","14.6166666","7.0","SZCZECIN, PL","  68.4"," 5","  54.2"," 5","1015.1"," 5","999.9"," 0"," 11.2"," 5","  6.6"," 5","  8.9","999.9","  73.0"," ","  55.0"," "," 0.00","I","999.9","000000"
"12205099999","1931-06-21","53.4","14.6166666","7.0","SZCZECIN, PL","  61.0"," 5","  45.4"," 5","1021.6"," 5","999.9"," 0","  9.9"," 5","  8.4"," 5"," 13.0","999.9","  64.0"," ","  52.0"," "," 0.00","I","999.9","000000"
"12205099999","1931-06-22","53.4","14.6166666","7.0","SZCZECIN, PL","  68.6"," 5","  57.4"," 5","1015.7"," 5","999.9"," 0"," 12.4"," 5"," 12.4"," 5"," 18.1","999.9","  72.0"," ","  55.0"," "," 0.00","I","999.9","000000"
"12205099999","1931-06-23","53.4","14.6166666","7.0","SZCZECIN, PL","  61.0"," 5","  47.4"," 5","1017.2"," 5","999.9"," 0"," 31.1"," 5","  8.9"," 5","  8.9","999.9","  66.0"," ","  52.0"," "," 0.00","I","999.9","000000"
"12205099999","1931-06-24","53.4","14.6166666","7.0","SZCZECIN, PL","  65.6"," 5","  49.8"," 5","1012.8"," 5","999.9"," 0"," 23.6"," 5","  5.8"," 5","  8.9","999.9","  72.0"," ","  46.0"," "," 0.00","I","999.9","000000"
"12205099999","1931-06-25","53.4","14.6166666","7.0","SZCZECIN, PL","  60.6"," 5","  49.2"," 5","1020.0"," 5","999.9"," 0"," 23.6"," 5"," 12.2"," 5"," 13.0","999.9","  64.0"," ","  54.0"," "," 0.02","E","999.9","010000"
"12205099999","1931-06-26","53.4","14.6166666","7.0","SZCZECIN, PL","  65.0"," 5","  46.8"," 5","1027.9"," 5","999.9"," 0"," 27.3"," 5","  7.0"," 5"," 13.0","999.9","  70.0"," ","  48.0"," "," 0.00","I","999.9","000000"
"12205099999","1931-06-27","53.4","14.6166666","7.0","SZCZECIN, PL","  69.8"," 5","  50.0"," 5","1026.9"," 5","999.9"," 0"," 31.1"," 5","  9.0"," 5"," 13.0","999.9","  75.0"," ","  50.0"," "," 0.00","I","999.9","000000"
"12205099999","1931-06-28","53.4","14.6166666","7.0","SZCZECIN, PL","  72.4"," 5","  55.0"," 5","1022.1"," 5","999.9"," 0"," 12.4"," 5","  5.4"," 5","  8.9","999.9","  79.0"," ","  52.0"," "," 0.00","I","999.9","000000"
"12205099999","1931-06-29","53.4","14.6166666","7.0","SZCZECIN, PL","  71.6"," 5","  55.8"," 5","1016.6"," 5","999.9"," 0","  8.7"," 5","  9.4"," 5"," 18.1","999.9","  81.0"," ","  55.0"," "," 0.00","I","999.9","000000"
"12205099999","1931-06-30","53.4","14.6166666","7.0","SZCZECIN, PL","  60.2"," 5","  44.6"," 5","1022.5"," 5","999.9"," 0"," 23.6"," 5","  8.2"," 5","  8.9","999.9","  64.0"," ","  48.0"," "," 0.00","I","999.9","000000"
"12205099999","1931-07-01","53.4","14.6166666","7.0","SZCZECIN, PL","  64.6"," 5","  43.2"," 5","1021.2"," 5","999.9"," 0"," 31.1"," 5","  2.2"," 5","  5.1","999.9","  70.0"," ","  46.0"," "," 0.00","I","999.9","000000"
"12205099999","1931-07-02","53.4","14.6166666","7.0","SZCZECIN, PL","  68.8"," 5","  55.8"," 5","1012.4"," 5","999.9"," 0","  9.9"," 5","  2.8"," 5","  5.1","999.9","  77.0"," ","  50.0"," "," 0.02","E","999.9","000000"
"12205099999","1931-07-03","53.4","14.6166666","7.0","SZCZECIN, PL","  73.8"," 5","  58.4"," 5","1009.7"," 5","999.9"," 0","  6.2"," 5","  3.3"," 5","  8.9","999.9","  81.0"," ","  57.0"," "," 0.00","I","999.9","000000"
"12205099999","1931-07-04","53.4","14.6166666","7.0","SZCZECIN, PL","  81.0"," 4","  60.0"," 4","1008.3"," 4","999.9"," 0"," 10.9"," 4","  3.8"," 4","  5.1","999.9","  88.0"," ","  57.0"," "," 0.00","I","999.9","000000"
"12205099999","1931-07-05","53.4","14.6166666","7.0","SZCZECIN, PL","  74.0"," 5","  67.7"," 5","1012.5"," 5","999.9"," 0","  6.2"," 5","  0.4"," 5","  1.9","999.9","  75.0"," ","  66.0"," "," 0.02","E","999.9","010000"
"12205099999","1931-07-06","53.4","14.6166666","7.0","SZCZECIN, PL","  78.0"," 5","  57.2"," 5","1011.5"," 5","999.9"," 0"," 18.6"," 5","  8.4"," 5"," 13.0","999.9","  82.0"," ","  64.0"," "," 0.02","E","999.9","010000"
"12205099999","1931-07-07","53.4","14.6166666","7.0","SZCZECIN, PL","  80.0"," 5","  57.8"," 5","1005.5"," 5","999.9"," 0"," 14.9"," 5"," 10.6"," 5"," 13.0","999.9","  84.0"," ","  61.0"," "," 0.00","I","999.9","000000"
"12205099999","1931-07-08","53.4","14.6166666","7.0","SZCZECIN, PL","  60.2"," 5","  54.6"," 5","1000.0"," 5","999.9"," 0","  8.7"," 5"," 17.1"," 5"," 18.1","999.9","  63.0","*","  57.0","*"," 0.98","F","999.9","010000"
"12205099999","1931-07-09","53.4","14.6166666","7.0","SZCZECIN, PL","  60.8"," 5","  50.4"," 5","1004.9"," 5","999.9"," 0","  9.9"," 5"," 25.1"," 5"," 29.9","999.9","  64.0"," ","  57.0"," "," 0.12","E","999.9","010000"
"12205099999","1931-07-10","53.4","14.6166666","7.0","SZCZECIN, PL","  67.8"," 5","  54.2"," 5","1011.6"," 5","999.9"," 0"," 16.2"," 5"," 10.0"," 5"," 18.1","999.9","  79.0"," ","  55.0"," "," 0.22","F","999.9","010000"
"12205099999","1931-07-11","53.4","14.6166666","7.0","SZCZECIN, PL","  65.4"," 5","  56.2"," 5","1014.2"," 5","999.9"," 0","  9.9"," 5","  5.1"," 5","  5.1","999.9","  72.0"," ","  57.0"," "," 0.14","F","999.9","010000"
"12205099999","1931-07-12","53.4","14.6166666","7.0","SZCZECIN, PL","  65.8"," 5","  55.2"," 5","1016.9"," 5","999.9"," 0","  9.9"," 5","  3.8"," 5","  5.1","999.9","  72.0"," ","  55.0"," "," 0.00","I","999.9","000000"
"12205099999","1931-07-13","53.4","14.6166666","7.0","SZCZECIN, PL","  70.6"," 5","  61.8"," 5","1010.7"," 5","999.9"," 0","  6.2"," 5","  3.8"," 5","  8.9","999.9","  75.0"," ","  59.0"," "," 0.02","E","999.9","010000"
"12205099999","1931-07-14","53.4","14.6166666","7.0","SZCZECIN, PL","  59.0"," 4","  55.5"," 4","1007.4"," 4","999.9"," 0","  6.8"," 4","  7.2"," 4"," 13.0","999.9","  63.0"," ","  57.0","*"," 2.17","F","999.9","010000"
"12205099999","1931-07-15","53.4","14.6166666","7.0","SZCZECIN, PL","  66.2"," 4","  59.5"," 4","1005.5"," 4","999.9"," 0","  6.8"," 4","  3.8"," 4","  5.1","999.9","  70.0"," ","  48.0"," "," 0.02","E","999.9","010000"
"12205099999","1931-07-16","53.4","14.6166666","7.0","SZCZECIN, PL","  63.0"," 5","  54.8"," 5","1004.1"," 5","999.9"," 0","  9.9"," 5"," 11.6"," 5"," 18.1","999.9","  68.0"," ","  57.0"," "," 0.67","F","999.9","010000"
"12205099999","1931-07-17","53.4","14.6166666","7.0","SZCZECIN, PL","  62.8"," 5","  55.6"," 5","1012.6"," 5","999.9"," 0","  9.9"," 5","  7.6"," 5"," 13.0","999.9","  68.0"," ","  55.0"," "," 0.20","F","999.9","010010"
"12205099999","1931-07-18","53.4","14.6166666","7.0","SZCZECIN, PL","  61.7"," 4","  58.2"," 4","1006.8"," 4","999.9"," 0"," 10.9"," 4","  4.3"," 4","  5.1","999.9","  64.0"," ","  59.0","*"," 0.02","E","999.9","010000"
"12205099999","1931-07-19","53.4","14.6166666","7.0","SZCZECIN, PL","  60.8"," 5","  53.6"," 5","1004.1"," 5","999.9"," 0"," 11.2"," 5"," 10.0"," 5"," 18.1","999.9","  68.0"," ","  57.0"," "," 0.22","F","999.9","010000"
"12205099999","1931-07-20","53.4","14.6166666","7.0","SZCZECIN, PL","  63.6"," 5","  58.6"," 5","1002.2"," 5","999.9"," 0"," 11.2"," 5","  4.0"," 5","  5.1","999.9","  70.0"," ","  52.0"," "," 0.26","F","999.9","000010"
"12205099999","1931-07-21","53.4","14.6166666","7.0","SZCZECIN, PL","  59.4"," 5","  52.0"," 5","1009.4"," 5","999.9"," 0"," 16.2"," 5","  9.0"," 5"," 13.0","999.9","  64.0"," ","  52.0"," "," 0.06","F","999.9","000000"
"12205099999","1931-07-22","53.4","14.6166666","7.0","SZCZECIN, PL","  59.4"," 5","  47.4"," 5","1018.1"," 5","999.9"," 0"," 23.6"," 5","  9.0"," 5"," 13.0","999.9","  64.0"," ","  48.0"," "," 0.05","F","999.9","010000"
"12205099999","1931-07-23","53.4","14.6166666","7.0","SZCZECIN, PL","  72.6"," 5","  60.0"," 5","1021.6"," 5","999.9"," 0"," 18.6"," 5","  3.4"," 5","  5.1","999.9","  79.0"," ","  54.0"," "," 0.08","E","999.9","000000"
"12205099999","1931-07-24","53.4","14.6166666","7.0","SZCZECIN, PL","  76.0"," 5","  58.4"," 5","1018.5"," 5","999.9"," 0"," 23.6"," 5"," 10.6"," 5"," 13.0","999.9","  81.0"," ","  61.0"," "," 0.00","I","999.9","000000"
"12205099999","1931-07-25","53.4","14.6166666","7.0","SZCZECIN, PL","  74.4"," 5","  60.2"," 5","1009.7"," 5","999.9"," 0"," 31.1"," 5"," 12.2"," 5"," 13.0","999.9","  79.0"," ","  57.0"," "," 0.00","I","999.9","000000"
"12205099999","1931-07-26","53.4","14.6166666","7.0","SZCZECIN, PL","  71.0"," 5","  58.7"," 5","1007.4"," 5","999.9"," 0","  8.7"," 5","  6.0"," 5","  8.9","999.9","  77.0"," ","  61.0"," "," 0.04","E","999.9","000010"
"12205099999","1931-07-27","53.4","14.6166666","7.0","SZCZECIN, PL","  75.2"," 5","  60.6"," 5","1007.5"," 5","999.9"," 0"," 27.3"," 5","  8.2"," 5"," 13.0","999.9","  79.0"," ","  59.0"," "," 0.00","I","999.9","000000"
"12205099999","1931-07-28","53.4","14.6166666","7.0","SZCZECIN, PL","  64.0"," 5","  55.0"," 5","1010.9"," 5","999.9"," 0","  9.9"," 5","  1.9"," 5","  1.9","999.9","  66.0"," ","  61.0"," "," 0.10","F","999.9","010000"
"12205099999","1931-07-29","53.4","14.6166666","7.0","SZCZECIN, PL","  63.0"," 5","  54.2"," 5","1013.3"," 5","999.9"," 0"," 12.4"," 5","  6.0"," 5","  8.9","999.9","  66.0"," ","  54.0"," "," 0.02","E","999.9","000000"
"12205099999","1931-07-30","53.4","14.6166666","7.0","SZCZECIN, PL","  65.4"," 5","  53.8"," 5","1014.2"," 5","999.9"," 0"," 12.4"," 5","  3.4"," 5","  5.1","999.9","  70.0"," ","  55.0"," "," 0.00","I","999.9","000000"
"12205099999","1931-07-31","53.4","14.6166666","7.0","SZCZECIN, PL","  71.6"," 5","  59.2"," 5","1013.0"," 5","999.9"," 0"," 18.6"," 5","  0.8"," 5","  1.9","999.9","  77.0"," ","  50.0"," "," 0.00","I","999.9","000000"
"12205099999","1931-08-01","53.4","14.6166666","7.0","SZCZECIN, PL","  67.6"," 5","  59.4"," 5","1015.4"," 5","999.9"," 0"," 10.4"," 5","  1.9"," 5","  1.9","999.9","  77.0"," ","  52.0"," "," 0.00","I","999.9","000000"
"12205099999","1931-08-02","53.4","14.6166666","7.0","SZCZECIN, PL","  73.0"," 5","  60.8"," 5","1016.9"," 5","999.9"," 0"," 23.6"," 5","  1.8"," 5","  5.1","999.9","  79.0"," ","  52.0"," "," 0.00","I","999.9","000000"
"12205099999","1931-08-03","53.4","14.6166666","7.0","SZCZECIN, PL","  77.2"," 5","  62.6"," 5","1020.1"," 5","999.9"," 0"," 31.1"," 5","  6.0"," 5","  8.9","999.9","  84.0"," ","  59.0"," "," 0.00","I","999.9","000000"
"12205099999","1931-08-04","53.4","14.6166666","7.0","SZCZECIN, PL","  76.0"," 5","  66.2"," 5","1023.9"," 5","999.9"," 0"," 31.1"," 5","  6.6"," 5","  8.9","999.9","  82.0"," ","  61.0"," "," 0.00","I","999.9","000000"
"12205099999","1931-08-05","53.4","14.6166666","7.0","SZCZECIN, PL","  77.6"," 5","  62.6"," 5","1019.9"," 5","999.9"," 0"," 31.1"," 5","  2.6"," 5","  5.1","999.9","  84.0"," ","  59.0"," "," 0.00","I","999.9","000000"
"12205099999","1931-08-06","53.4","14.6166666","7.0","SZCZECIN, PL","  79.0"," 5","  65.0"," 5","1008.1"," 5","999.9"," 0"," 19.9"," 5","  5.4"," 5","  8.9","999.9","  86.0"," ","  61.0"," "," 0.04","E","999.9","000000"
"12205099999","1931-08-07","53.4","14.6166666","7.0","SZCZECIN, PL","  68.4"," 5","  60.0"," 5","1003.7"," 5","999.9"," 0","  8.7"," 5","  9.8"," 5"," 13.0","999.9","  73.0"," ","  61.0"," "," 0.17","F","999.9","010000"
"12205099999","1931-08-08","53.4","14.6166666","7.0","SZCZECIN, PL","  68.0"," 5","  57.2"," 5","1005.9"," 5","999.9"," 0"," 27.3"," 5","  6.8"," 5","  8.9","999.9","  73.0"," ","  55.0"," "," 0.00","I","999.9","000000"
"12205099999","1931-08-09","53.4","14.6166666","7.0","SZCZECIN, PL","  66.8"," 5","  58.0"," 5","1002.8"," 5","999.9"," 0","  7.5"," 5","  7.4"," 5","  8.9","999.9","  70.0"," ","  64.0"," "," 0.04","E","999.9","010000"
"12205099999","1931-08-10","53.4","14.6166666","7.0","SZCZECIN, PL","  58.2"," 5","  49.4"," 5","1011.9"," 5","999.9"," 0"," 22.4"," 5","  9.8"," 5"," 13.0","999.9","  63.0"," ","  54.0"," "," 0.04","E","999.9","010000"
"12205099999","1931-08-11","53.4","14.6166666","7.0","SZCZECIN, PL","  56.4"," 5","  50.6"," 5","1016.8"," 5","999.9"," 0"," 18.6"," 5","  4.4"," 5","  5.1","999.9","  63.0"," ","  50.0"," "," 0.04","E","999.9","010000"
"12205099999","1931-08-12","53.4","14.6166666","7.0","SZCZECIN, PL","  55.6"," 5","  48.3"," 5","1015.1"," 5","999.9"," 0"," 23.6"," 5","  8.2"," 5"," 13.0","999.9","  61.0"," ","  48.0"," "," 0.04","E","999.9","010000"
"12205099999","1931-08-13","53.4","14.6166666","7.0","SZCZECIN, PL","  54.0"," 5","  48.8"," 5","1004.6"," 5","999.9"," 0"," 12.2"," 5","  2.6"," 5","  5.1","999.9","  57.0"," ","  50.0"," "," 0.53","F","999.9","010000"
"12205099999","1931-08-14","53.4","14.6166666","7.0","SZCZECIN, PL","  55.6"," 5","  52.3"," 5","1005.0"," 5","999.9"," 0"," 13.7"," 5","  2.8"," 5","  5.1","999.9","  61.0"," ","  50.0"," "," 0.35","F","999.9","010000"
"12205099999","1931-08-15","53.4","14.6166666","7.0","SZCZECIN, PL","  62.0"," 5","  54.8"," 5","1004.1"," 5","999.9"," 0"," 11.2"," 5","  2.4"," 5","  5.1","999.9","  66.0"," ","  48.0"," "," 0.02","E","999.9","010000"
"12205099999","1931-08-16","53.4","14.6166666","7.0","SZCZECIN, PL","  62.8"," 5","  55.9"," 5","1007.9"," 5","999.9"," 0"," 14.2"," 5","  5.2"," 5","  8.9","999.9","  70.0"," ","  54.0"," "," 0.06","F","999.9","010000"
"12205099999","1931-08-17","53.4","14.6166666","7.0","SZCZECIN, PL","  60.8"," 5","  55.6"," 5","1008.7"," 5","999.9"," 0"," 18.6"," 5","  6.6"," 5","  8.9","999.9","  68.0"," ","  57.0"," "," 0.18","F","999.9","000010"
"12205099999","1931-08-18","53.4","14.6166666","7.0","SZCZECIN, PL","  62.6"," 5","  53.8"," 5","1006.4"," 5","999.9"," 0"," 11.2"," 5","  9.8"," 5"," 13.0","999.9","  66.0"," ","  55.0"," "," 0.08","E","999.9","000000"
"12205099999","1931-08-19","53.4","14.6166666","7.0","SZCZECIN, PL","  63.8"," 5","  53.2"," 5","1008.7"," 5","999.9"," 0"," 22.4"," 5","  7.6"," 5"," 13.0","999.9","  68.0"," ","  55.0"," "," 0.00","I","999.9","000000"
"12205099999","1931-08-20","53.4","14.6166666","7.0","SZCZECIN, PL","  65.0"," 5","  57.6"," 5","1002.6"," 5","999.9"," 0","  8.7"," 5","  6.0"," 5","  8.9","999.9","  72.0"," ","  55.0"," "," 0.12","F","999.9","010000"
"12205099999","1931-08-21","53.4","14.6166666","7.0","SZCZECIN, PL","  63.6"," 5","  56.2"," 5","1000.3"," 5","999.9"," 0"," 11.2"," 5","  4.0"," 5","  5.1","999.9","  68.0"," ","  50.0"," "," 0.00","I","999.9","000000"
"12205099999","1931-08-22","53.4","14.6166666","7.0","SZCZECIN, PL","  59.4"," 5","  55.4"," 5"," 997.6"," 5","999.9"," 0"," 12.9"," 5","  9.8"," 5"," 13.0","999.9","  63.0"," ","  55.0"," "," 0.20","F","999.9","010000"
"12205099999","1931-08-23","53.4","14.6166666","7.0","SZCZECIN, PL","  60.4"," 5","  46.4"," 5","1003.5"," 5","999.9"," 0"," 31.1"," 5","  8.0"," 5"," 13.0","999.9","  64.0"," ","  48.0"," "," 0.04","E","999.9","010000"
"12205099999","1931-08-24","53.4","14.6166666","7.0","SZCZECIN, PL","  59.8"," 5","  45.0"," 5","1007.3"," 5","999.9"," 0"," 27.3"," 5","  5.7"," 5","  8.9","999.9","  64.0"," ","  48.0"," "," 0.02","E","999.9","000000"
"12205099999","1931-08-25","53.4","14.6166666","7.0","SZCZECIN, PL","  58.6"," 5","  54.8"," 5","1005.5"," 5","999.9"," 0","  8.0"," 5","  7.0"," 5"," 13.0","999.9","  61.0"," ","  48.0"," "," 0.05","F","999.9","010000"
"12205099999","1931-08-26","53.4","14.6166666","7.0","SZCZECIN, PL","  59.8"," 5","  53.5"," 5","1016.5"," 5","999.9"," 0"," 23.6"," 5"," 14.2"," 5"," 18.1","999.9","  63.0"," ","  57.0"," "," 0.04","E","999.9","000000"
"12205099999","1931-08-27","53.4","14.6166666","7.0","SZCZECIN, PL","  60.2"," 5","  46.5"," 5","1022.9"," 5","999.9"," 0"," 27.3"," 5"," 12.2"," 5"," 13.0","999.9","  63.0"," ","  48.0"," "," 0.00","I","999.9","000000"
"12205099999","1931-08-28","53.4","14.6166666","7.0","SZCZECIN, PL","  58.5"," 4","  54.3"," 4","1020.1"," 4","999.9"," 0"," 15.5"," 4"," 14.5"," 4"," 18.1","999.9","  61.0"," ","  52.0"," "," 0.10","F","999.9","000000"
"12205099999","1931-08-29","53.4","14.6166666","7.0","SZCZECIN, PL","  64.4"," 5","  53.6"," 5","1022.8"," 5","999.9"," 0","  8.8"," 5"," 11.6"," 5"," 29.9","999.9","  86.0"," ","  57.0"," "," 0.08","F","999.9","010000"
"12205099999","1931-08-30","53.4","14.6166666","7.0","SZCZECIN, PL","  63.2"," 5","  51.6"," 5","1018.9"," 5","999.9"," 0"," 27.3"," 5","  7.1"," 5","  8.9","999.9","  68.0"," ","  54.0"," "," 0.02","E","999.9","000000"
"12205099999","1931-08-31","53.4","14.6166666","7.0","SZCZECIN, PL","  62.2"," 5","  49.6"," 5","1016.7"," 5","999.9"," 0"," 21.4"," 5","  2.8"," 5","  5.1","999.9","  70.0"," ","  45.0"," "," 0.02","E","999.9","100000"
"12205099999","1931-09-01","53.4","14.6166666","7.0","SZCZECIN, PL","  67.4"," 5","  51.8"," 5","1012.1"," 5","999.9"," 0"," 23.6"," 5","  1.2"," 5","  1.9","999.9","  75.0"," ","  45.0"," "," 0.00","I","999.9","000000"
"12205099999","1931-09-02","53.4","14.6166666","7.0","SZCZECIN, PL","  67.2"," 5","  53.6"," 5","1012.4"," 5","999.9"," 0"," 18.6"," 5","  3.2"," 5","  5.1","999.9","  75.0"," ","  55.0"," "," 0.00","I","999.9","000000"
"12205099999","1931-09-03","53.4","14.6166666","7.0","SZCZECIN, PL","  67.4"," 5","  59.5"," 5","1005.5"," 5","999.9"," 0","  7.8"," 5","  5.8"," 5","  8.9","999.9","  77.0"," ","  61.0"," "," 0.35","E","999.9","010010"
"12205099999","1931-09-04","53.4","14.6166666","7.0","SZCZECIN, PL","  66.2"," 5","  57.0"," 5","1004.7"," 5","999.9"," 0"," 22.4"," 5","  1.8"," 5","  5.1","999.9","  72.0"," ","  52.0"," "," 0.16","E","999.9","000000"
"12205099999","1931-09-05","53.4","14.6166666","7.0","SZCZECIN, PL","  55.4"," 5","  53.2"," 5"," 989.7"," 5","999.9"," 0","  3.2"," 5"," 18.8"," 5"," 29.9","999.9","  57.0","*","  52.0","*"," 2.09","F","999.9","010000"
"12205099999","1931-09-06","53.4","14.6166666","7.0","SZCZECIN, PL","  52.5"," 4","  50.8"," 4"," 995.7"," 4","999.9"," 0","  2.8"," 4"," 22.4"," 4"," 23.9","999.9","  55.0"," ","  50.0"," "," 0.20","F","999.9","010000"
"12205099999","1931-09-07","53.4","14.6166666","7.0","SZCZECIN, PL","  53.2"," 5","  48.2"," 5","1010.3"," 5","999.9"," 0"," 15.4"," 5"," 11.2"," 5"," 23.9","999.9","  57.0"," ","  50.0"," "," 0.18","F","999.9","010000"
"12205099999","1931-09-08","53.4","14.6166666","7.0","SZCZECIN, PL","  54.6"," 5","  45.0"," 5","1012.4"," 5","999.9"," 0"," 21.1"," 5","  9.0"," 5"," 13.0","999.9","  59.0"," ","  46.0"," "," 0.02","E","999.9","000000"
"12205099999","1931-09-09","53.4","14.6166666","7.0","SZCZECIN, PL","  53.0"," 5","  45.4"," 5","1012.3"," 5","999.9"," 0"," 21.6"," 5","  9.0"," 5"," 13.0","999.9","  59.0"," ","  43.0"," "," 0.04","E","999.9","010000"
"12205099999","1931-09-10","53.4","14.6166666","7.0","SZCZECIN, PL","  55.0"," 5","  43.0"," 5","1016.7"," 5","999.9"," 0"," 27.3"," 5","  3.8"," 5","  5.1","999.9","  61.0"," ","  43.0"," "," 0.02","E","999.9","000000"
"12205099999","1931-09-11","53.4","14.6166666","7.0","SZCZECIN, PL","  53.8"," 5","  42.4"," 5","1018.0"," 5","999.9"," 0"," 26.1"," 5","  1.8"," 5","  5.1","999.9","  61.0"," ","  43.0"," "," 0.00","I","999.9","000000"
"12205099999","1931-09-12","53.4","14.6166666","7.0","SZCZECIN, PL","  53.8"," 5","  44.8"," 5","1012.3"," 5","999.9"," 0"," 21.1"," 5","  1.2"," 5","  1.9","999.9","  59.0"," ","  45.0"," "," 0.02","E","999.9","010000"
"12205099999","1931-09-13","53.4","14.6166666","7.0","SZCZECIN, PL","  50.3"," 4","  45.2"," 4","1009.7"," 4","999.9"," 0","  3.7"," 4","  5.1"," 4","  5.1","999.9","  55.0"," ","  46.0"," "," 0.24","F","999.9","010000"
"12205099999","1931-09-14","53.4","14.6166666","7.0","SZCZECIN, PL","  52.4"," 5","  43.0"," 5","1023.1"," 5","999.9"," 0"," 23.6"," 5","  7.2"," 5"," 13.0","999.9","  55.0"," ","  45.0"," "," 0.38","F","999.9","010000"
"12205099999","1931-09-15","53.4","14.6166666","7.0","SZCZECIN, PL","  53.7"," 4","  49.3"," 4","1026.2"," 4","999.9"," 0","  9.0"," 4"," 12.2"," 4"," 18.1","999.9","  55.0"," ","  52.0","*"," 0.02","E","999.9","010000"
"12205099999","1931-09-16","53.4","14.6166666","7.0","SZCZECIN, PL","  59.0"," 5","  56.3"," 5","1024.1"," 5","999.9"," 0","  1.2"," 5","  2.6"," 5","  5.1","999.9","  61.0"," ","  54.0"," "," 0.06","F","999.9","010000"
"12205099999","1931-09-17","53.4","14.6166666","7.0","SZCZECIN, PL","  59.4"," 5","  55.6"," 5","1019.6"," 5","999.9"," 0","  2.5"," 5","  0.8"," 5","  1.9","999.9","  66.0"," ","  52.0"," "," 0.05","F","999.9","010000"
"12205099999","1931-09-18","53.4","14.6166666","7.0","SZCZECIN, PL","  59.2"," 5","  55.2"," 5","1020.1"," 5","999.9"," 0","  2.1"," 5","  1.2"," 5","  1.9","999.9","  63.0"," ","  50.0"," "," 0.05","F","999.9","100000"
"12205099999","1931-09-19","53.4","14.6166666","7.0","SZCZECIN, PL","  57.4"," 5","  54.4"," 5","1019.6"," 5","999.9"," 0","  2.9"," 5","  5.2"," 5","  8.9","999.9","  59.0"," ","  54.0"," "," 0.06","F","999.9","010000"
"12205099999","1931-09-20","53.4","14.6166666","7.0","SZCZECIN, PL","  56.8"," 4","  47.8"," 4","1018.8"," 4","999.9"," 0","  6.2"," 4","  9.5"," 4"," 18.1","999.9","  66.0","*","  46.0"," "," 0.01","E","999.9","000000"
"12205099999","1931-09-21","53.4","14.6166666","7.0","SZCZECIN, PL","  50.4"," 5","  45.4"," 5","1013.0"," 5","999.9"," 0"," 15.4"," 5","  4.7"," 5","  8.9","999.9","  54.0"," ","  45.0"," "," 0.24","E","999.9","010000"
"12205099999","1931-09-22","53.4","14.6166666","7.0","SZCZECIN, PL","  46.4"," 5","  36.8"," 5","1018.5"," 5","999.9"," 0"," 22.4"," 5","  9.0"," 5"," 13.0","999.9","  48.0"," ","  45.0"," "," 0.04","E","999.9","000000"
"12205099999","1931-09-23","53.4","14.6166666","7.0","SZCZECIN, PL","  48.8"," 5","  40.6"," 5","1021.2"," 5","999.9"," 0"," 26.1"," 5"," 11.4"," 5"," 13.0","999.9","  52.0"," ","  43.0"," "," 0.06","F","999.9","010000"
"12205099999","1931-09-24","53.4","14.6166666","7.0","SZCZECIN, PL","  50.0"," 5","  40.8"," 5","1018.8"," 5","999.9"," 0"," 27.3"," 5"," 15.2"," 5"," 18.1","999.9","  52.0"," ","  46.0"," "," 0.05","F","999.9","000000"
"12205099999","1931-09-25","53.4","14.6166666","7.0","SZCZECIN, PL","  57.0"," 5","  48.8"," 5","1019.2"," 5","999.9"," 0"," 22.4"," 5"," 13.4"," 5"," 18.1","999.9","  63.0"," ","  43.0"," "," 0.02","E","999.9","000000"
"12205099999","1931-09-26","53.4","14.6166666","7.0","SZCZECIN, PL","  47.6"," 5","  34.0"," 5","1025.1"," 5","999.9"," 0"," 27.3"," 5"," 12.4"," 5"," 18.1","999.9","  54.0"," ","  45.0"," "," 0.04","E","999.9","000000"
"12205099999","1931-09-27","53.4","14.6166666","7.0","SZCZECIN, PL","  44.8"," 4","  38.3"," 4","1021.0"," 4","999.9"," 0","  5.3"," 4","  9.0"," 4"," 13.0","999.9","  46.0"," ","  37.0"," "," 0.04","E","999.9","010000"
"12205099999","1931-09-28","53.4","14.6166666","7.0","SZCZECIN, PL","  51.2"," 5","  48.2"," 5","1007.9"," 5","999.9"," 0","  6.7"," 5","  8.9"," 5","  8.9","999.9","  54.0"," ","  46.0"," "," 0.67","F","999.9","010000"
"12205099999","1931-09-29","53.4","14.6166666","7.0","SZCZECIN, PL","  49.4"," 5","  42.4"," 5","1020.9"," 5","999.9"," 0"," 26.1"," 5","  4.0"," 5","  8.9","999.9","  54.0"," ","  41.0"," "," 0.04","F","999.9","000000"
"12205099999","1931-09-30","53.4","14.6166666","7.0","SZCZECIN, PL","  50.8"," 5","  43.8"," 5","1021.3"," 5","999.9"," 0"," 18.6"," 5","  1.2"," 5","  1.9","999.9","  55.0"," ","  45.0"," "," 0.00","I","999.9","000000"
"12205099999","1931-10-01","53.4","14.6166666","7.0","SZCZECIN, PL","  50.0"," 5","  45.0"," 5","1019.9"," 5","999.9"," 0"," 23.6"," 5","  5.4"," 5","  8.9","999.9","  57.0"," ","  37.0"," "," 0.00","I","999.9","000000"
"12205099999","1931-10-02","53.4","14.6166666","7.0","SZCZECIN, PL","  58.0"," 5","  49.8"," 5","1016.2"," 5","999.9"," 0","  4.7"," 5","  6.2"," 5"," 13.0","999.9","  64.0"," ","  41.0"," "," 0.00","I","999.9","000000"
"12205099999","1931-10-03","53.4","14.6166666","7.0","SZCZECIN, PL","  55.4"," 5","  48.0"," 5","1015.0"," 5","999.9"," 0"," 18.6"," 5"," 14.9"," 5"," 23.9","999.9","  59.0"," ","  52.0"," "," 0.06","F","999.9","010000"
"12205099999","1931-10-04","53.4","14.6166666","7.0","SZCZECIN, PL","  51.0"," 4","  42.5"," 4","1024.8"," 4","999.9"," 0"," 12.4"," 4","  6.7"," 4","  8.9","999.9","  54.0"," ","  46.0"," "," 0.00","I","999.9","000000"
"12205099999","1931-10-05","53.4","14.6166666","7.0","SZCZECIN, PL","  56.8"," 5","  54.0"," 5","1022.0"," 5","999.9"," 0","  3.7"," 5","  5.8"," 5","  8.9","999.9","  59.0"," ","  50.0"," "," 0.06","F","999.9","010000"
"12205099999","1931-10-06","53.4","14.6166666","7.0","SZCZECIN, PL","  60.2"," 5","  56.9"," 5","1018.6"," 5","999.9"," 0","  4.5"," 5","  3.4"," 5","  5.1","999.9","  63.0"," ","  57.0"," "," 0.02","E","999.9","010000"
"12205099999","1931-10-07","53.4","14.6166666","7.0","SZCZECIN, PL","  63.8"," 5","  55.0"," 5","1007.3"," 5","999.9"," 0","  6.7"," 5","  5.4"," 5","  8.9","999.9","  70.0"," ","  50.0"," "," 0.00","I","999.9","000000"
"12205099999","1931-10-08","53.4","14.6166666","7.0","SZCZECIN, PL","  53.4"," 5","  48.3"," 4","1014.7"," 5","999.9"," 0","  9.9"," 5"," 17.2"," 5"," 23.9","999.9","  57.0"," ","  50.0","*"," 0.04","E","999.9","010000"
"12205099999","1931-10-09","53.4","14.6166666","7.0","SZCZECIN, PL","  58.4"," 5","  54.4"," 5","1022.9"," 5","999.9"," 0","  6.7"," 5","  9.0"," 5"," 13.0","999.9","  61.0"," ","  50.0"," "," 0.12","E","999.9","010000"
"12205099999","1931-10-10","53.4","14.6166666","7.0","SZCZECIN, PL","  56.8"," 5","  50.4"," 5","1020.9"," 5","999.9"," 0","  5.5"," 5","  5.1"," 5","  5.1","999.9","  61.0"," ","  50.0"," "," 0.00","I","999.9","000000"
"12205099999","1931-10-11","53.4","14.6166666","7.0","SZCZECIN, PL","  50.8"," 4","  45.5"," 4","1027.3"," 4","999.9"," 0","  7.8"," 4","  5.1"," 4","  5.1","999.9","  57.0"," ","  48.0"," "," 0.00","I","999.9","000000"
"12205099999","1931-10-12","53.4","14.6166666","7.0","SZCZECIN, PL","  49.8"," 5","  48.8"," 5","1025.5"," 5","999.9"," 0","  0.3"," 5","  0.8"," 5","  1.9","999.9","  55.0"," ","  37.0"," "," 0.00","I","999.9","100000"
"12205099999","1931-10-13","53.4","14.6166666","7.0","SZCZECIN, PL","  51.4"," 5","  48.7"," 5","1019.3"," 5","999.9"," 0","  0.8"," 5","  0.4"," 5","  1.9","999.9","  57.0"," ","  41.0"," "," 0.02","E","999.9","100000"
"12205099999","1931-10-14","53.4","14.6166666","7.0","SZCZECIN, PL","  47.6"," 5","  43.4"," 5","1014.6"," 5","999.9"," 0","  8.0"," 5","  9.8"," 5"," 13.0","999.9","  52.0"," ","  46.0"," "," 0.12","F","999.9","010000"
"12205099999","1931-10-15","53.4","14.6166666","7.0","SZCZECIN, PL","  45.6"," 5","  37.0"," 5","1030.3"," 5","999.9"," 0"," 22.4"," 5","  5.8"," 5"," 13.0","999.9","  50.0"," ","  37.0"," "," 0.04","E","999.9","000000"
"12205099999","1931-10-16","53.4","14.6166666","7.0","SZCZECIN, PL","  49.0"," 5","  46.2"," 5","1032.5"," 5","999.9"," 0","  6.2"," 5","  1.2"," 5","  1.9","999.9","  52.0"," ","  36.0"," "," 0.02","E","999.9","000000"
"12205099999","1931-10-17","53.4","14.6166666","7.0","SZCZECIN, PL","  48.6"," 5","  43.8"," 5","1028.3"," 5","999.9"," 0","  6.7"," 5","  2.6"," 5","  5.1","999.9","  52.0"," ","  45.0"," "," 0.00","I","999.9","000000"
"12205099999","1931-10-18","53.4","14.6166666","7.0","SZCZECIN, PL","  48.7"," 4","  44.0"," 4","1023.9"," 4","999.9"," 0","  6.5"," 4","  8.2"," 4"," 13.0","999.9","  52.0"," ","  45.0","*"," 0.00","I","999.9","000000"
"12205099999","1931-10-19","53.4","14.6166666","7.0","SZCZECIN, PL","  40.6"," 5","  33.0"," 5","1024.0"," 5","999.9"," 0"," 15.0"," 5","  4.0"," 5","  8.9","999.9","  48.0"," ","  27.0"," "," 0.00","I","999.9","100000"
"12205099999","1931-10-20","53.4","14.6166666","7.0","SZCZECIN, PL","  43.6"," 5","  40.2"," 5","1001.7"," 4","999.9"," 0","  7.7"," 5"," 16.6"," 5"," 23.9","999.9","  48.0"," ","  39.0"," "," 0.04","E","999.9","010000"
"12205099999","1931-10-21","53.4","14.6166666","7.0","SZCZECIN, PL","  38.6"," 5","  34.0"," 5","1005.0"," 5","999.9"," 0"," 11.2"," 5","  9.8"," 5"," 13.0","999.9","  46.0"," ","  34.0"," "," 0.13","F","999.9","010000"
"12205099999","1931-10-22","53.4","14.6166666","7.0","SZCZECIN, PL","  40.8"," 5","  32.0"," 5","1016.2"," 5","999.9"," 0"," 14.9"," 5","  7.4"," 5","  8.9","999.9","  46.0"," ","  32.0"," "," 0.00","I","999.9","000000"
"12205099999","1931-10-23","53.4","14.6166666","7.0","SZCZECIN, PL","  39.6"," 5","  31.2"," 5","1005.5"," 5","999.9"," 0"," 16.2"," 5","  3.4"," 5","  5.1","999.9","  46.0"," ","  32.0","*"," 0.00","I","999.9","000000"
"12205099999","1931-10-24","53.4","14.6166666","7.0","SZCZECIN, PL","  40.2"," 5","  38.6"," 5"," 987.5"," 5","999.9"," 0","  1.1"," 5","  3.8"," 5","  5.1","999.9","  41.0"," ","  30.0"," "," 0.42","F","999.9","010000"
"12205099999","1931-10-25","53.4","14.6166666","7.0","SZCZECIN, PL","  42.0"," 4","  36.5"," 4","1003.2"," 4","999.9"," 0","  6.2"," 4","  6.0"," 4","  8.9","999.9","  45.0"," ","  39.0","*"," 0.03","F","999.9","010000"
"12205099999","1931-10-26","53.4","14.6166666","7.0","SZCZECIN, PL","  39.0"," 5","  30.0"," 5","1022.4"," 5","999.9"," 0"," 23.6"," 5","  9.8"," 5"," 13.0","999.9","  41.0"," ","  34.0"," "," 0.00","I","999.9","000000"
"12205099999","1931-10-27","53.4","14.6166666","7.0","SZCZECIN, PL","  35.6"," 5","  28.4"," 5","1030.6"," 5","999.9"," 0"," 23.6"," 5","  4.7"," 5","  8.9","999.9","  43.0"," ","  21.0"," "," 0.00","I","999.9","000000"
"12205099999","1931-10-28","53.4","14.6166666","7.0","SZCZECIN, PL","  32.8"," 5","  29.6"," 5","1013.8"," 5","999.9"," 0","  4.0"," 5","  3.4"," 5","  5.1","999.9","  36.0"," ","  30.0"," "," 0.02","E","999.9","010100"
"12205099999","1931-10-29","53.4","14.6166666","7.0","SZCZECIN, PL","  36.4"," 5","  34.8"," 5","1005.8"," 5","999.9"," 0","  1.6"," 5","  7.6"," 5"," 13.0","999.9","  39.0"," ","  30.0"," "," 0.10","F","999.9","011000"
"12205099999","1931-10-30","53.4","14.6166666","7.0","SZCZECIN, PL","  37.0"," 5","  35.4"," 5","1001.2"," 5","999.9"," 0","  2.9"," 5","  9.6"," 5"," 13.0","999.9","  41.0"," ","  34.0"," "," 0.28","E","999.9","010000"
"12205099999","1931-10-31","53.4","14.6166666","7.0","SZCZECIN, PL","  34.6"," 5","  31.9"," 5","1020.3"," 5","999.9"," 0","  7.7"," 5","  7.4"," 5","  8.9","999.9","  39.0"," ","  34.0"," "," 0.08","F","999.9","011000"
"12205099999","1931-11-01","53.4","14.6166666","7.0","SZCZECIN, PL","  33.8"," 4","  26.2"," 4","1031.6"," 4","999.9"," 0"," 21.7"," 4","  1.5"," 4","  1.9","999.9","  39.0"," ","  27.0"," "," 0.00","I","999.9","000000"
"12205099999","1931-11-02","53.4","14.6166666","7.0","SZCZECIN, PL","  44.0"," 5","  42.9"," 5","1028.9"," 5","999.9"," 0","  0.9"," 5","  1.9"," 5","  1.9","999.9","  48.0"," ","  36.0"," "," 0.04","F","999.9","010000"
"12205099999","1931-11-03","53.4","14.6166666","7.0","SZCZECIN, PL","  49.0"," 5","  40.4"," 5","1022.2"," 5","999.9"," 0","  8.7"," 5"," 11.4"," 5"," 13.0","999.9","  54.0"," ","  41.0"," "," 0.02","E","999.9","000000"
"12205099999","1931-11-04","53.4","14.6166666","7.0","SZCZECIN, PL","  54.2"," 5","  44.0"," 5","1017.3"," 5","999.9"," 0"," 17.4"," 5"," 15.0"," 5"," 18.1","999.9","  59.0"," ","  46.0"," "," 0.00","I","999.9","000000"
"12205099999","1931-11-05","53.4","14.6166666","7.0","SZCZECIN, PL","  52.6"," 5","  43.2"," 5","1018.7"," 5","999.9"," 0","  8.7"," 5","  4.4"," 5"," 13.0","999.9","  59.0"," ","  46.0"," "," 0.00","I","999.9","000000"
"12205099999","1931-11-06","53.4","14.6166666","7.0","SZCZECIN, PL","  40.4"," 5","  38.2"," 5","1015.5"," 5","999.9"," 0","  2.1"," 5","  4.6"," 5","  8.9","999.9","  48.0"," ","  34.0"," "," 0.00","I","999.9","100000"
"12205099999","1931-11-07","53.4","14.6166666","7.0","SZCZECIN, PL","  43.8"," 5","  39.0"," 5","1007.5"," 5","999.9"," 0","  4.3"," 5","  3.8"," 5","  5.1","999.9","  50.0"," ","  36.0"," "," 0.00","I","999.9","000000"
"12205099999","1931-11-08","53.4","14.6166666","7.0","SZCZECIN, PL","  46.8"," 4","  41.0"," 4","1006.8"," 4","999.9"," 0","  9.3"," 4"," 10.0"," 4"," 13.0","999.9","  54.0"," ","  37.0"," "," 0.00","I","999.9","000000"
"12205099999","1931-11-09","53.4","14.6166666","7.0","SZCZECIN, PL","  43.4"," 5","  39.4"," 5","1003.7"," 5","999.9"," 0","  7.5"," 5","  6.6"," 5"," 13.0","999.9","  48.0"," ","  37.0"," "," 0.00","I","999.9","000000"
"12205099999","1931-11-10","53.4","14.6166666","7.0","SZCZECIN, PL","  49.0"," 5","  45.4"," 5"," 993.0"," 5","999.9"," 0","  6.2"," 5","  7.4"," 5","  8.9","999.9","  54.0"," ","  41.0"," "," 0.02","E","999.9","010000"
"12205099999","1931-11-11","53.4","14.6166666","7.0","SZCZECIN, PL","  49.4"," 5","  42.8"," 5"," 997.1"," 5","999.9"," 0","  8.0"," 5","  6.6"," 5","  8.9","999.9","  54.0"," ","  43.0"," "," 0.00","I","999.9","000000"
"12205099999","1931-11-12","53.4","14.6166666","7.0","SZCZECIN, PL","  49.0"," 5","  40.0"," 5","1002.2"," 5","999.9"," 0","  8.7"," 5","  6.0"," 5","  8.9","999.9","  52.0"," ","  45.0"," "," 0.00","I","999.9","000000"
"12205099999","1931-11-13","53.4","14.6166666","7.0","SZCZECIN, PL","  48.4"," 5","  44.8"," 5","1012.4"," 5","999.9"," 0","  5.5"," 5","  4.4"," 5","  5.1","999.9","  52.0"," ","  45.0"," "," 0.02","E","999.9","000000"
"12205099999","1931-11-14","53.4","14.6166666","7.0","SZCZECIN, PL","  44.8"," 5","  43.2"," 5","1014.8"," 5","999.9"," 0","  1.2"," 5","  0.0"," 5","999.9","999.9","  46.0"," ","  39.0"," "," 0.02","E","999.9","110000"
"12205099999","1931-11-15","53.4","14.6166666","7.0","SZCZECIN, PL","  44.5"," 4","  40.6"," 4","1020.2"," 4","999.9"," 0"," 13.0"," 4","  1.7"," 4","  5.1","999.9","  48.0"," ","  43.0"," "," 0.01","E","999.9","000000"
"12205099999","1931-11-16","53.4","14.6166666","7.0","SZCZECIN, PL","  41.8"," 5","  36.0"," 5","1027.4"," 5","999.9"," 0","  8.7"," 5","  5.2"," 5","  8.9","999.9","  43.0"," ","  39.0"," "," 0.02","E","999.9","010000"
"12205099999","1931-11-17","53.4","14.6166666","7.0","SZCZECIN, PL","  39.8"," 5","  37.6"," 5","1024.7"," 5","999.9"," 0","  6.7"," 5","  1.6"," 5","  1.9","999.9","  43.0"," ","  37.0"," "," 0.14","F","999.9","010000"
"12205099999","1931-11-18","53.4","14.6166666","7.0","SZCZECIN, PL","  38.0"," 4","  34.0"," 4","1028.7"," 4","999.9"," 0","  6.8"," 4","  1.5"," 4","  1.9","999.9","  41.0"," ","  37.0"," "," 0.04","E","999.9","000000"
"12205099999","1931-11-19","53.4","14.6166666","7.0","SZCZECIN, PL","  36.2"," 5","  32.2"," 5","1030.7"," 5","999.9"," 0","  5.6"," 5","  5.4"," 5","  8.9","999.9","  39.0"," ","  28.0"," "," 0.00","I","999.9","000000"
"12205099999","1931-11-20","53.4","14.6166666","7.0","SZCZECIN, PL","  37.6"," 5","  31.2"," 5","1027.4"," 5","999.9"," 0","  8.7"," 5"," 12.4"," 5"," 18.1","999.9","  39.0"," ","  36.0"," "," 0.00","I","999.9","000000"
"12205099999","1931-11-21","53.4","14.6166666","7.0","SZCZECIN, PL","  34.4"," 5","  29.4"," 5","1029.2"," 5","999.9"," 0","  8.7"," 5"," 13.6"," 5"," 18.1","999.9","  37.0"," ","  30.0"," "," 0.00","I","999.9","000000"
"12205099999","1931-11-22","53.4","14.6166666","7.0","SZCZECIN, PL","  32.0"," 4","  28.8"," 4","1033.2"," 4","999.9"," 0","  6.2"," 4","  7.0"," 4","  8.9","999.9","9999.9"," ","9999.9"," "," 0.00","I","999.9","000000"
"12205099999","1931-11-23","53.4","14.6166666","7.0","SZCZECIN, PL","  31.6"," 5","  27.8"," 5","1030.0"," 5","999.9"," 0","  3.2"," 5","  4.0"," 5","  8.9","999.9","  32.0"," ","  30.0"," "," 0.00","I","999.9","000000"
"12205099999","1931-11-24","53.4","14.6166666","7.0","SZCZECIN, PL","  31.6"," 5","  26.2"," 5","1019.6"," 5","999.9"," 0","  7.5"," 5"," 13.0"," 5"," 13.0","999.9","  34.0"," ","  28.0"," "," 0.00","I","999.9","000000"
"12205099999","1931-11-25","53.4","14.6166666","7.0","SZCZECIN, PL","  33.2"," 5","  30.0"," 5","1022.7"," 5","999.9"," 0","  2.2"," 5","  4.4"," 5","  5.1","999.9","  36.0"," ","  27.0"," "," 0.02","E","999.9","010000"
"12205099999","1931-11-26","53.4","14.6166666","7.0","SZCZECIN, PL","  34.5"," 4","  32.0"," 4","1021.1"," 4","999.9"," 0","  1.6"," 4"," 13.5"," 4"," 18.1","999.9","  37.0"," ","  34.0"," "," 0.00","I","999.9","000000"
"12205099999","1931-11-27","53.4","14.6166666","7.0","SZCZECIN, PL","  32.8"," 5","  27.8"," 5","1016.1"," 5","999.9"," 0","  4.7"," 5"," 13.0"," 5"," 13.0","999.9","  36.0"," ","  30.0"," "," 0.02","E","999.9","000000"
"12205099999","1931-11-28","53.4","14.6166666","7.0","SZCZECIN, PL","  29.0"," 5","  24.2"," 5","1021.5"," 5","999.9"," 0","  4.0"," 5"," 10.6"," 5"," 13.0","999.9","  34.0"," ","  27.0","*"," 0.02","E","999.9","000000"
"12205099999","1931-11-29","53.4","14.6166666","7.0","SZCZECIN, PL","  23.5"," 4","  16.0"," 4","1030.1"," 4","999.9"," 0"," 10.9"," 4","  8.0"," 4"," 13.0","999.9","  28.0"," ","  18.0"," "," 0.00","I","999.9","000000"
"12205099999","1931-11-30","53.4","14.6166666","7.0","SZCZECIN, PL","  20.8"," 5","  13.0"," 5","1033.3"," 5","999.9"," 0"," 13.7"," 5","  2.6"," 5","  5.1","999.9","  28.0"," ","  14.0"," "," 0.00","I","999.9","000000"
"12205099999","1931-12-01","53.4","14.6166666","7.0","SZCZECIN, PL","  22.6"," 5","  17.2"," 5","1029.0"," 5","999.9"," 0","  2.0"," 5","  0.4"," 5","  1.9","999.9","  32.0"," ","  10.0","*"," 0.00","I","999.9","000000"
"12205099999","1931-12-02","53.4","14.6166666","7.0","SZCZECIN, PL","  29.8"," 5","  28.3"," 5","1028.8"," 5","999.9"," 0","  0.4"," 5","  1.6"," 5","  1.9","999.9","  34.0"," ","  19.0"," "," 0.00","I","999.9","100000"
"12205099999","1931-12-03","53.4","14.6166666","7.0","SZCZECIN, PL","  32.4"," 5","  30.0"," 4","1021.4"," 5","999.9"," 0","  0.6"," 5","  6.4"," 5"," 13.0","999.9","  36.0"," ","  30.0"," "," 0.02","E","999.9","100000"
"12205099999","1931-12-04","53.4","14.6166666","7.0","SZCZECIN, PL","  35.8"," 5","  34.8"," 5","1000.5"," 5","999.9"," 0","  0.9"," 5","  8.2"," 5"," 13.0","999.9","  39.0"," ","  27.0"," "," 0.24","F","999.9","010000"
"12205099999","1931-12-05","53.4","14.6166666","7.0","SZCZECIN, PL","  43.4"," 5","  37.6"," 5","1003.0"," 5","999.9"," 0"," 12.4"," 5"," 26.5"," 5"," 36.9","999.9","  48.0"," ","  37.0"," "," 0.22","F","999.9","000000"
"12205099999","1931-12-06","53.4","14.6166666","7.0","SZCZECIN, PL","  43.2"," 4","  39.0"," 4","1004.6"," 4","999.9"," 0","  6.8"," 4"," 11.0"," 4"," 13.0","999.9","  52.0"," ","  37.0"," "," 0.10","F","999.9","010000"
"12205099999","1931-12-07","53.4","14.6166666","7.0","SZCZECIN, PL","  38.0"," 5","  36.4"," 5","1011.7"," 5","999.9"," 0","  6.7"," 5","  6.6"," 5","  8.9","999.9","  43.0"," ","  36.0"," "," 0.02","E","999.9","010000"
"12205099999","1931-12-08","53.4","14.6166666","7.0","SZCZECIN, PL","  37.8"," 5","  35.6"," 5","1021.3"," 5","999.9"," 0","  2.8"," 5","  5.0"," 5","  8.9","999.9","  41.0"," ","  32.0"," "," 0.02","E","999.9","110000"
"12205099999","1931-12-09","53.4","14.6166666","7.0","SZCZECIN, PL","  40.2"," 5","  38.0"," 5","1013.0"," 5","999.9"," 0","  1.9"," 5","  6.6"," 5","  8.9","999.9","  43.0"," ","  37.0"," "," 0.10","F","999.9","010000"
"12205099999","1931-12-10","53.4","14.6166666","7.0","SZCZECIN, PL","  31.2"," 5","  24.0"," 5","1016.2"," 5","999.9"," 0"," 13.7"," 5","  6.6"," 5"," 13.0","999.9","  41.0"," ","  28.0","*"," 0.02","E","999.9","000000"
"12205099999","1931-12-11","53.4","14.6166666","7.0","SZCZECIN, PL","  35.4"," 5","  32.6"," 5","1027.2"," 5","999.9"," 0","  6.7"," 5","  9.0"," 5"," 13.0","999.9","  37.0"," ","  28.0"," "," 0.05","F","999.9","010000"
"12205099999","1931-12-12","53.4","14.6166666","7.0","SZCZECIN, PL","  32.8"," 5","  29.2"," 5","1028.0"," 5","999.9"," 0","  4.0"," 5"," 10.8"," 5"," 18.1","999.9","  37.0"," ","  28.0"," "," 0.02","F","999.9","000000"
"12205099999","1931-12-13","53.4","14.6166666","7.0","SZCZECIN, PL","  42.3"," 4","  37.5"," 4","1022.8"," 4","999.9"," 0"," 10.9"," 4","  7.2"," 4"," 13.0","999.9","  46.0"," ","  34.0"," "," 0.01","E","999.9","000000"
"12205099999","1931-12-14","53.4","14.6166666","7.0","SZCZECIN, PL","  40.6"," 5","  39.6"," 5","1018.4"," 5","999.9"," 0","  2.2"," 5","  9.0"," 5"," 13.0","999.9","  43.0"," ","  34.0"," "," 0.04","F","999.9","010000"
"12205099999","1931-12-15","53.4","14.6166666","7.0","SZCZECIN, PL","  41.0"," 5","  35.5"," 4","1002.9"," 5","999.9"," 0","  7.7"," 5"," 20.8"," 5"," 29.9","999.9","  46.0"," ","  37.0","*"," 0.06","F","999.9","010000"
"12205099999","1931-12-16","53.4","14.6166666","7.0","SZCZECIN, PL","  34.0"," 5","  24.8"," 5","1014.8"," 5","999.9"," 0"," 13.7"," 5"," 13.2"," 5"," 18.1","999.9","  37.0"," ","  28.0"," "," 0.02","E","999.9","000000"
"12205099999","1931-12-17","53.4","14.6166666","7.0","SZCZECIN, PL","  30.4"," 5","  28.4"," 5","1024.7"," 5","999.9"," 0","  3.5"," 5","  6.8"," 5"," 13.0","999.9","  34.0"," ","  28.0"," "," 0.06","F","999.9","001000"
"12205099999","1931-12-18","53.4","14.6166666","7.0","SZCZECIN, PL","  28.4"," 5","  26.2"," 5","1032.4"," 5","999.9"," 0","  6.7"," 5","  2.4"," 5","  5.1","999.9","  32.0"," ","  27.0"," "," 0.04","F","999.9","001000"
"12205099999","1931-12-19","53.4","14.6166666","7.0","SZCZECIN, PL","  29.6"," 5","  28.5"," 5","1031.8"," 5","999.9"," 0","  1.0"," 5","  4.4"," 5","  5.1","999.9","  32.0"," ","  21.0"," "," 0.10","F","999.9","001000"
"12205099999","1931-12-20","53.4","14.6166666","7.0","SZCZECIN, PL","  32.0"," 4","  30.9"," 4","1035.6"," 4","999.9"," 0","  0.4"," 4","  1.5"," 4","  1.9","999.9","  34.0"," ","9999.9"," "," 0.00","I","999.9","100000"
"12205099999","1931-12-21","53.4","14.6166666","7.0","SZCZECIN, PL","  32.8"," 5","  29.4"," 5","1036.8"," 5","999.9"," 0","  2.5"," 5","  1.6"," 5","  1.9","999.9","  34.0"," ","  30.0"," "," 0.02","E","999.9","100000"
"12205099999","1931-12-22","53.4","14.6166666","7.0","SZCZECIN, PL","  32.0"," 5","  30.3"," 5","1041.4"," 5","999.9"," 0","  0.7"," 5","  3.2"," 5","  5.1","999.9","  36.0"," ","9999.9"," "," 0.02","E","999.9","110000"
"12205099999","1931-12-23","53.4","14.6166666","7.0","SZCZECIN, PL","  26.0"," 5","  24.2"," 5","1039.9"," 5","999.9"," 0","  1.9"," 5","  3.8"," 5","  5.1","999.9","  32.0"," ","  23.0","*"," 0.05","F","999.9","010000"
"12205099999","1931-12-24","53.4","14.6166666","7.0","SZCZECIN, PL","  30.0"," 4","  28.4"," 4","1032.8"," 4","999.9"," 0","  0.3"," 4","  5.2"," 4","  8.9","999.9","9999.9"," ","  25.0"," "," 0.02","E","999.9","100000"
"12205099999","1931-12-25","53.4","14.6166666","7.0","SZCZECIN, PL","  36.8"," 4","  35.0"," 4","1023.9"," 4","999.9"," 0","  0.1"," 4","  8.0"," 4","  8.9","999.9","  39.0"," ","  32.0"," "," 0.04","E","999.9","100000"
"12205099999","1931-12-26","53.4","14.6166666","7.0","SZCZECIN, PL","  41.5"," 4","  36.0"," 4","1016.6"," 4","999.9"," 0","  4.3"," 4"," 13.5"," 4"," 18.1","999.9","  43.0","*","  36.0"," "," 0.00","I","999.9","000000"
"12205099999","1931-12-27","53.4","14.6166666","7.0","SZCZECIN, PL","  46.3"," 4","  43.0"," 4","1006.3"," 4","999.9"," 0","  2.9"," 4"," 11.0"," 4"," 13.0","999.9","  48.0"," ","  37.0"," "," 0.14","F","999.9","010000"
"12205099999","1931-12-28","53.4","14.6166666","7.0","SZCZECIN, PL","  44.0"," 4","  38.5"," 4"," 992.3"," 4","999.9"," 0","  4.0"," 4"," 19.7"," 4"," 23.9","999.9","  45.0","*","  41.0","*"," 0.04","E","999.9","010000"
"12205099999","1931-12-29","53.4","14.6166666","7.0","SZCZECIN, PL","  35.0"," 4","  29.5"," 4"," 986.1"," 4","999.9"," 0","  9.3"," 4","  8.0"," 4","  8.9","999.9","  36.0","*","  32.0"," "," 0.04","E","999.9","001000"
"12205099999","1931-12-30","53.4","14.6166666","7.0","SZCZECIN, PL","  30.0"," 5","  27.6"," 5"," 997.1"," 4","999.9"," 0","  1.9"," 5","  4.8"," 5"," 13.0","999.9","  34.0"," ","  27.0"," "," 0.12","F","999.9","001000"
"12205099999","1931-12-31","53.4","14.6166666","7.0","SZCZECIN, PL","  21.4"," 5","  17.2"," 5","1015.5"," 5","999.9"," 0","  8.7"," 5","  3.2"," 5","  5.1","999.9","  28.0"," ","  16.0"," "," 0.00","I","999.9","000000"
